Year,"Country of origin","Country of origin (ISO)","Country of asylum","Country of asylum (ISO)",Authority,"Application type","Stage of procedure","Cases / Persons",applied
2000,Ukraine,UKR,Argentina,ARG,G,V,FI,P,12
2000,Ukraine,UKR,Australia,AUS,G,V,AR,C,155
2000,Ukraine,UKR,Australia,AUS,G,V,FI,C,187
2000,Ukraine,UKR,Austria,AUT,G,V,FA,P,90
2000,Ukraine,UKR,Azerbaijan,AZE,U,V,FI,P,5
2000,Ukraine,UKR,Belgium,BEL,G,V,FI,P,1588
2000,Ukraine,UKR,Belarus,BLR,G,V,FI,P,5
2000,Ukraine,UKR,Bulgaria,BGR,G,V,FI,P,5
2000,Ukraine,UKR,Canada,CAN,G,V,FI,P,573
2000,Ukraine,UKR,Czechia,CZE,G,V,AR,C,121
2000,Ukraine,UKR,Czechia,CZE,G,V,FI,C,1144
2000,Ukraine,UKR,Denmark,DNK,G,V,FI,P,64
2000,Ukraine,UKR,Finland,FIN,G,V,FI,P,84
2000,Ukraine,UKR,France,FRA,G,V,AR,P,366
2000,Ukraine,UKR,France,FRA,G,V,FI,P,539
2000,Ukraine,UKR,"United Kingdom of Great Britain and Northern Ireland",GBR,G,V,FI,C,770
2000,Ukraine,UKR,Germany,DEU,G,V,NA,P,512
2000,Ukraine,UKR,Germany,DEU,G,V,RA,P,128
2000,Ukraine,UKR,Hungary,HUN,G,V,FI,P,41
2000,Ukraine,UKR,Iceland,ISL,G,V,AR,P,7
2000,Ukraine,UKR,Iceland,ISL,G,V,FI,P,6
2000,Ukraine,UKR,Ireland,IRL,G,V,FI,P,248
2000,Ukraine,UKR,Italy,ITA,G,V,FA,P,22
2000,Ukraine,UKR,Luxembourg,LUX,G,V,FI,P,9
2000,Ukraine,UKR,Mexico,MEX,U,V,FI,P,5
2000,Ukraine,UKR,"Netherlands (Kingdom of the)",NLD,G,V,FI,P,218
2000,Ukraine,UKR,Norway,NOR,G,V,FI,P,131
2000,Ukraine,UKR,Poland,POL,G,V,FI,P,69
2000,Ukraine,UKR,"Russian Federation",RUS,G,V,FI,P,5
2000,Ukraine,UKR,Spain,ESP,G,V,FI,P,306
2000,Ukraine,UKR,Slovakia,SVK,G,V,FI,P,5
2000,Ukraine,UKR,Sweden,SWE,G,V,FI,P,110
2000,Ukraine,UKR,Switzerland,CHE,G,V,FI,P,99
2000,Ukraine,UKR,"United States of America",USA,G,N,EO,C,235
2000,Ukraine,UKR,"United States of America",USA,G,N,IN,C,199
2001,Ukraine,UKR,Argentina,ARG,G,V,FI,P,12
2001,Ukraine,UKR,Australia,AUS,G,V,AR,C,101
2001,Ukraine,UKR,Australia,AUS,G,V,FI,C,114
2001,Ukraine,UKR,Austria,AUT,G,V,FA,P,191
2001,Ukraine,UKR,Azerbaijan,AZE,U,V,FI,P,5
2001,Ukraine,UKR,Belgium,BEL,G,V,AR,P,5
2001,Ukraine,UKR,Belgium,BEL,G,V,FI,P,576
2001,Ukraine,UKR,Canada,CAN,G,V,FI,P,344
2001,Ukraine,UKR,Cyprus,CYP,U,V,FI,P,23
2001,Ukraine,UKR,Czechia,CZE,G,V,AR,C,1250
2001,Ukraine,UKR,Czechia,CZE,G,V,FI,C,4416
2001,Ukraine,UKR,Denmark,DNK,G,V,FI,P,60
2001,Ukraine,UKR,Ecuador,ECU,G,V,FI,P,5
2001,Ukraine,UKR,Finland,FIN,G,V,FI,P,138
2001,Ukraine,UKR,France,FRA,G,V,AR,P,568
2001,Ukraine,UKR,France,FRA,G,V,FI,P,892
2001,Ukraine,UKR,"United Kingdom of Great Britain and Northern Ireland",GBR,G,V,FI,C,440
2001,Ukraine,UKR,Germany,DEU,G,V,NA,P,678
2001,Ukraine,UKR,Germany,DEU,G,V,RA,P,115
2001,Ukraine,UKR,Greece,GRC,G,V,FI,P,6
2001,Ukraine,UKR,Hungary,HUN,G,V,FI,P,30
2001,Ukraine,UKR,Ireland,IRL,G,V,FI,P,376
2001,Ukraine,UKR,Italy,ITA,G,V,FA,P,68
2001,Ukraine,UKR,Luxembourg,LUX,G,V,FI,P,18
2001,Ukraine,UKR,"Netherlands (Kingdom of the)",NLD,G,V,FI,P,191
2001,Ukraine,UKR,Norway,NOR,G,V,FI,P,1027
2001,Ukraine,UKR,Poland,POL,G,V,AR,P,83
2001,Ukraine,UKR,Poland,POL,G,V,FI,P,144
2001,Ukraine,UKR,"Russian Federation",RUS,G,V,FI,P,6
2001,Ukraine,UKR,Spain,ESP,G,V,FI,P,178
2001,Ukraine,UKR,Slovakia,SVK,G,V,FI,P,8
2001,Ukraine,UKR,Slovenia,SVN,G,V,FI,P,7
2001,Ukraine,UKR,Sweden,SWE,G,V,FI,P,332
2001,Ukraine,UKR,Switzerland,CHE,G,V,FI,P,153
2001,Ukraine,UKR,"United States of America",USA,G,N,EO,C,307
2001,Ukraine,UKR,"United States of America",USA,G,N,IN,C,246
2002,Ukraine,UKR,Australia,AUS,G,V,AR,C,62
2002,Ukraine,UKR,Australia,AUS,G,V,FI,P,35
2002,Ukraine,UKR,Austria,AUT,G,V,FA,P,418
2002,Ukraine,UKR,Belgium,BEL,G,V,AR,P,23
2002,Ukraine,UKR,Belgium,BEL,G,V,FI,P,211
2002,Ukraine,UKR,Bulgaria,BGR,G,V,FI,P,6
2002,Ukraine,UKR,Canada,CAN,G,V,FI,P,372
2002,Ukraine,UKR,Cyprus,CYP,G,V,FI,P,19
2002,Ukraine,UKR,Czechia,CZE,G,V,AR,C,899
2002,Ukraine,UKR,Czechia,CZE,G,V,FI,C,1674
2002,Ukraine,UKR,Denmark,DNK,G,V,FI,P,42
2002,Ukraine,UKR,Finland,FIN,G,V,FI,P,108
2002,Ukraine,UKR,France,FRA,G,V,AR,P,377
2002,Ukraine,UKR,France,FRA,G,V,FI,P,728
2002,Ukraine,UKR,France,FRA,G,V,RA,P,22
2002,Ukraine,UKR,"United Kingdom of Great Britain and Northern Ireland",GBR,G,V,FI,C,365
2002,Ukraine,UKR,Germany,DEU,G,V,NA,P,621
2002,Ukraine,UKR,Germany,DEU,G,V,RA,P,77
2002,Ukraine,UKR,Greece,GRC,G,V,FI,P,5
2002,Ukraine,UKR,Croatia,HRV,G,V,FI,P,5
2002,Ukraine,UKR,Croatia,HRV,U,V,FI,P,5
2002,Ukraine,UKR,Hungary,HUN,G,V,FI,P,15
2002,Ukraine,UKR,Iceland,ISL,G,V,FI,P,5
2002,Ukraine,UKR,Ireland,IRL,G,V,AR,P,136
2002,Ukraine,UKR,Ireland,IRL,G,V,FI,P,351
2002,Ukraine,UKR,Liechtenstein,LIE,G,V,FI,P,9
2002,Ukraine,UKR,Lithuania,LTU,G,V,FI,P,5
2002,Ukraine,UKR,Luxembourg,LUX,G,V,FI,P,19
2002,Ukraine,UKR,Latvia,LVA,G,V,FI,P,5
2002,Ukraine,UKR,Mexico,MEX,G,V,FI,P,5
2002,Ukraine,UKR,"Netherlands (Kingdom of the)",NLD,G,V,FI,P,152
2002,Ukraine,UKR,Norway,NOR,G,V,FI,P,772
2002,Ukraine,UKR,Poland,POL,G,V,AR,P,101
2002,Ukraine,UKR,Poland,POL,G,V,FI,P,102
2002,Ukraine,UKR,Portugal,PRT,G,V,FI,P,5
2002,Ukraine,UKR,Spain,ESP,G,V,FI,P,67
2002,Ukraine,UKR,Slovakia,SVK,G,V,FI,P,47
2002,Ukraine,UKR,Slovenia,SVN,G,V,FI,P,13
2002,Ukraine,UKR,Sweden,SWE,G,V,FI,P,786
2002,Ukraine,UKR,Switzerland,CHE,G,V,FI,P,260
2002,Ukraine,UKR,"United States of America",USA,G,N,EO,P,367
2002,Ukraine,UKR,"United States of America",USA,G,N,IN,C,240
2003,Ukraine,UKR,Argentina,ARG,G,V,FI,P,6
2003,Ukraine,UKR,Australia,AUS,G,V,AR,C,22
2003,Ukraine,UKR,Australia,AUS,G,V,FI,P,16
2003,Ukraine,UKR,Austria,AUT,G,V,FA,P,471
2003,Ukraine,UKR,Belgium,BEL,G,V,AR,P,55
2003,Ukraine,UKR,Belgium,BEL,G,V,FI,P,115
2003,Ukraine,UKR,"Bosnia and Herzegovina",BIH,U,V,FI,P,5
2003,Ukraine,UKR,Canada,CAN,G,V,FI,P,209
2003,Ukraine,UKR,Cyprus,CYP,G,V,FI,P,91
2003,Ukraine,UKR,Cyprus,CYP,U,V,FI,P,18
2003,Ukraine,UKR,Czechia,CZE,G,V,AR,P,5
2003,Ukraine,UKR,Czechia,CZE,G,V,FI,P,2044
2003,Ukraine,UKR,Denmark,DNK,G,V,FI,P,18
2003,Ukraine,UKR,Finland,FIN,G,V,FI,P,49
2003,Ukraine,UKR,France,FRA,G,V,AR,P,367
2003,Ukraine,UKR,France,FRA,G,V,FI,P,787
2003,Ukraine,UKR,France,FRA,G,V,RA,P,21
2003,Ukraine,UKR,"United Kingdom of Great Britain and Northern Ireland",GBR,G,V,FI,P,337
2003,Ukraine,UKR,Germany,DEU,G,V,NA,P,299
2003,Ukraine,UKR,Germany,DEU,G,V,RA,P,58
2003,Ukraine,UKR,Greece,GRC,G,V,FI,P,6
2003,Ukraine,UKR,Hungary,HUN,G,V,FI,P,15
2003,Ukraine,UKR,Ireland,IRL,G,V,AR,P,124
2003,Ukraine,UKR,Ireland,IRL,G,V,FI,P,140
2003,Ukraine,UKR,Italy,ITA,G,V,FA,P,62
2003,Ukraine,UKR,Liechtenstein,LIE,G,V,FI,P,8
2003,Ukraine,UKR,Lithuania,LTU,G,V,FI,P,5
2003,Ukraine,UKR,Luxembourg,LUX,G,V,FI,P,30
2003,Ukraine,UKR,"Netherlands (Kingdom of the)",NLD,G,V,FI,P,85
2003,Ukraine,UKR,Norway,NOR,G,V,FI,P,101
2003,Ukraine,UKR,Poland,POL,G,V,AR,P,34
2003,Ukraine,UKR,Poland,POL,G,V,FI,P,85
2003,Ukraine,UKR,Portugal,PRT,G,V,FI,P,5
2003,Ukraine,UKR,"Russian Federation",RUS,G,V,FI,P,5
2003,Ukraine,UKR,Spain,ESP,G,V,FI,P,50
2003,Ukraine,UKR,Slovakia,SVK,G,V,FI,P,73
2003,Ukraine,UKR,Sweden,SWE,G,V,FI,P,353
2003,Ukraine,UKR,Switzerland,CHE,G,V,FI,P,168
2003,Ukraine,UKR,"United States of America",USA,G,N,EO,P,326
2003,Ukraine,UKR,"United States of America",USA,G,N,IN,C,188
2004,Ukraine,UKR,Egypt,EGY,U,V,FI,P,6
2004,Ukraine,UKR,Argentina,ARG,G,V,FI,P,12
2004,Ukraine,UKR,Australia,AUS,G,V,FI,P,9
2004,Ukraine,UKR,Austria,AUT,G,V,FA,P,426
2004,Ukraine,UKR,Belgium,BEL,G,V,AR,P,36
2004,Ukraine,UKR,Belgium,BEL,G,V,FI,P,82
2004,Ukraine,UKR,"Bosnia and Herzegovina",BIH,U,V,FI,P,5
2004,Ukraine,UKR,Bulgaria,BGR,G,V,FI,P,5
2004,Ukraine,UKR,Canada,CAN,G,V,FI,P,223
2004,Ukraine,UKR,Cyprus,CYP,G,V,AR,P,50
2004,Ukraine,UKR,Cyprus,CYP,G,V,FI,P,867
2004,Ukraine,UKR,Czechia,CZE,G,V,FI,P,1600
2004,Ukraine,UKR,Denmark,DNK,G,V,FI,P,21
2004,Ukraine,UKR,Finland,FIN,G,V,FA,P,32
2004,Ukraine,UKR,France,FRA,G,V,AR,P,573
2004,Ukraine,UKR,France,FRA,G,V,FI,P,665
2004,Ukraine,UKR,France,FRA,G,V,RA,P,96
2004,Ukraine,UKR,"United Kingdom of Great Britain and Northern Ireland",GBR,G,V,FI,P,137
2004,Ukraine,UKR,Germany,DEU,G,V,NA,P,231
2004,Ukraine,UKR,Germany,DEU,G,V,RA,P,82
2004,Ukraine,UKR,Greece,GRC,G,V,FI,P,90
2004,Ukraine,UKR,Hungary,HUN,G,V,AR,P,5
2004,Ukraine,UKR,Hungary,HUN,G,V,FI,P,45
2004,Ukraine,UKR,Ireland,IRL,G,V,AR,P,74
2004,Ukraine,UKR,Ireland,IRL,G,V,FI,P,68
2004,Ukraine,UKR,Italy,ITA,G,V,FA,P,66
2004,Ukraine,UKR,Liechtenstein,LIE,G,V,FI,P,8
2004,Ukraine,UKR,Luxembourg,LUX,G,V,FI,P,12
2004,Ukraine,UKR,Mexico,MEX,G,V,FI,P,5
2004,Ukraine,UKR,"Netherlands (Kingdom of the)",NLD,G,V,FI,P,17
2004,Ukraine,UKR,Norway,NOR,G,V,FI,P,43
2004,Ukraine,UKR,"New Zealand",NZL,G,V,FI,P,5
2004,Ukraine,UKR,Poland,POL,G,V,AR,P,41
2004,Ukraine,UKR,Poland,POL,G,V,FI,P,72
2004,Ukraine,UKR,Portugal,PRT,G,V,FI,P,6
2004,Ukraine,UKR,"Russian Federation",RUS,G,V,FI,P,6
2004,Ukraine,UKR,Spain,ESP,G,V,FI,P,32
2004,Ukraine,UKR,Slovakia,SVK,G,V,FI,P,64
2004,Ukraine,UKR,Slovenia,SVN,G,V,FI,P,5
2004,Ukraine,UKR,Sweden,SWE,G,V,FI,P,211
2004,Ukraine,UKR,Switzerland,CHE,G,V,FI,P,102
2004,Ukraine,UKR,"United States of America",USA,G,N,EO,P,100
2004,Ukraine,UKR,"United States of America",USA,G,N,IN,C,154
2005,Ukraine,UKR,Argentina,ARG,G,V,FI,P,6
2005,Ukraine,UKR,Australia,AUS,G,V,AR,C,13
2005,Ukraine,UKR,Australia,AUS,G,V,FI,P,5
2005,Ukraine,UKR,Austria,AUT,G,V,FA,P,279
2005,Ukraine,UKR,Belgium,BEL,G,V,AR,P,31
2005,Ukraine,UKR,Belgium,BEL,G,V,FI,P,75
2005,Ukraine,UKR,Belarus,BLR,G,V,FI,P,6
2005,Ukraine,UKR,"Bosnia and Herzegovina",BIH,G,V,FA,P,5
2005,Ukraine,UKR,Bulgaria,BGR,G,V,FI,P,5
2005,Ukraine,UKR,Canada,CAN,G,V,FI,P,202
2005,Ukraine,UKR,Cyprus,CYP,G,V,AR,P,58
2005,Ukraine,UKR,Cyprus,CYP,G,V,FI,P,587
2005,Ukraine,UKR,Czechia,CZE,G,V,FI,P,1020
2005,Ukraine,UKR,Denmark,DNK,G,V,FI,P,9
2005,Ukraine,UKR,Finland,FIN,G,V,FA,P,14
2005,Ukraine,UKR,France,FRA,G,V,AR,P,404
2005,Ukraine,UKR,France,FRA,G,V,FI,P,439
2005,Ukraine,UKR,France,FRA,G,V,RA,P,71
2005,Ukraine,UKR,"United Kingdom of Great Britain and Northern Ireland",GBR,G,V,FI,P,63
2005,Ukraine,UKR,Germany,DEU,G,V,NA,P,132
2005,Ukraine,UKR,Germany,DEU,G,V,RA,P,63
2005,Ukraine,UKR,Greece,GRC,G,V,FI,P,268
2005,Ukraine,UKR,Croatia,HRV,G,V,FI,P,5
2005,Ukraine,UKR,Hungary,HUN,G,V,AR,P,7
2005,Ukraine,UKR,Hungary,HUN,G,V,FI,P,26
2005,Ukraine,UKR,Iceland,ISL,G,V,FI,P,5
2005,Ukraine,UKR,Ireland,IRL,G,V,FI,P,31
2005,Ukraine,UKR,Italy,ITA,G,V,FA,P,51
2005,Ukraine,UKR,Liechtenstein,LIE,G,V,FI,P,5
2005,Ukraine,UKR,Luxembourg,LUX,G,V,FI,P,16
2005,Ukraine,UKR,"Netherlands (Kingdom of the)",NLD,G,V,FI,P,44
2005,Ukraine,UKR,Norway,NOR,G,V,FI,P,20
2005,Ukraine,UKR,Poland,POL,G,V,AR,P,49
2005,Ukraine,UKR,Poland,POL,G,V,FI,P,84
2005,Ukraine,UKR,"Russian Federation",RUS,G,V,FI,P,5
2005,Ukraine,UKR,Spain,ESP,G,V,FA,P,10
2005,Ukraine,UKR,Slovakia,SVK,G,V,FI,P,45
2005,Ukraine,UKR,Slovenia,SVN,G,V,FI,P,5
2005,Ukraine,UKR,Sweden,SWE,G,V,FI,P,93
2005,Ukraine,UKR,Switzerland,CHE,G,V,FI,P,47
2005,Ukraine,UKR,"United States of America",USA,G,N,EO,P,77
2005,Ukraine,UKR,"United States of America",USA,G,N,IN,C,221
2006,Ukraine,UKR,Australia,AUS,G,A,AR,C,13
2006,Ukraine,UKR,Australia,AUS,G,N,FI,P,11
2006,Ukraine,UKR,Austria,AUT,G,NR,FA,P,176
2006,Ukraine,UKR,Belgium,BEL,G,A,AR,P,12
2006,Ukraine,UKR,Belgium,BEL,G,N,FI,P,52
2006,Ukraine,UKR,Belarus,BLR,G,N,FI,P,6
2006,Ukraine,UKR,Canada,CAN,G,N,FI,P,207
2006,Ukraine,UKR,Cyprus,CYP,G,A,AR,P,105
2006,Ukraine,UKR,Cyprus,CYP,G,N,FI,P,144
2006,Ukraine,UKR,Czechia,CZE,G,R,AR,P,583
2006,Ukraine,UKR,Czechia,CZE,G,N,FI,P,571
2006,Ukraine,UKR,Denmark,DNK,G,N,FI,P,5
2006,Ukraine,UKR,Finland,FIN,G,N,FI,P,9
2006,Ukraine,UKR,France,FRA,G,N,FI,P,101
2006,Ukraine,UKR,France,FRA,G,R,RA,P,55
2006,Ukraine,UKR,"United Kingdom of Great Britain and Northern Ireland",GBR,G,N,FI,P,64
2006,Ukraine,UKR,Germany,DEU,G,NA,NA,P,99
2006,Ukraine,UKR,Germany,DEU,G,R,RA,P,31
2006,Ukraine,UKR,Greece,GRC,G,N,FA,P,35
2006,Ukraine,UKR,Hungary,HUN,G,N,FI,P,38
2006,Ukraine,UKR,Ireland,IRL,G,A,AR,P,27
2006,Ukraine,UKR,Ireland,IRL,G,N,FI,P,35
2006,Ukraine,UKR,Israel,ISR,J,N,FA,C,5
2006,Ukraine,UKR,Italy,ITA,G,NR,FA,P,46
2006,Ukraine,UKR,Lithuania,LTU,G,N,FI,P,5
2006,Ukraine,UKR,Luxembourg,LUX,G,N,FI,P,19
2006,Ukraine,UKR,"Netherlands (Kingdom of the)",NLD,G,N,FI,P,44
2006,Ukraine,UKR,Norway,NOR,G,A,AR,P,20
2006,Ukraine,UKR,Norway,NOR,G,N,FI,P,12
2006,Ukraine,UKR,Poland,POL,G,A,AR,P,47
2006,Ukraine,UKR,Poland,POL,G,N,FI,P,60
2006,Ukraine,UKR,Romania,ROU,G,N,FA,P,5
2006,Ukraine,UKR,"Russian Federation",RUS,G,N,FI,P,10
2006,Ukraine,UKR,Spain,ESP,G,N,FI,P,6
2006,Ukraine,UKR,Slovakia,SVK,G,N,FI,P,32
2006,Ukraine,UKR,Sweden,SWE,G,N,FI,P,90
2006,Ukraine,UKR,Switzerland,CHE,G,N,FI,P,29
2006,Ukraine,UKR,"United States of America",USA,G,N,EO,P,89
2006,Ukraine,UKR,"United States of America",USA,G,N,IN,C,187
2007,Ukraine,UKR,Argentina,ARG,G,N,FI,P,5
2007,Ukraine,UKR,Australia,AUS,G,A,AR,C,8
2007,Ukraine,UKR,Australia,AUS,G,N,FI,P,8
2007,Ukraine,UKR,Austria,AUT,G,N,FA,P,182
2007,Ukraine,UKR,Belgium,BEL,G,N,FI,P,27
2007,Ukraine,UKR,Brazil,BRA,G,N,FI,P,5
2007,Ukraine,UKR,Canada,CAN,G,N,FA,P,174
2007,Ukraine,UKR,Cyprus,CYP,G,A,AR,P,46
2007,Ukraine,UKR,Cyprus,CYP,G,N,FI,P,59
2007,Ukraine,UKR,Czechia,CZE,G,N,AR,P,259
2007,Ukraine,UKR,Czechia,CZE,G,N,FI,P,293
2007,Ukraine,UKR,Denmark,DNK,G,N,FI,P,5
2007,Ukraine,UKR,Finland,FIN,G,N,FI,P,5
2007,Ukraine,UKR,France,FRA,G,N,FI,P,73
2007,Ukraine,UKR,France,FRA,G,R,RA,P,28
2007,Ukraine,UKR,"United Kingdom of Great Britain and Northern Ireland",GBR,G,N,FI,P,48
2007,Ukraine,UKR,Germany,DEU,G,N,NA,P,62
2007,Ukraine,UKR,Germany,DEU,G,R,RA,P,18
2007,Ukraine,UKR,Greece,GRC,G,N,FI,P,31
2007,Ukraine,UKR,Hungary,HUN,G,N,FI,P,19
2007,Ukraine,UKR,Ireland,IRL,G,A,AR,P,21
2007,Ukraine,UKR,Ireland,IRL,G,N,FI,P,26
2007,Ukraine,UKR,Italy,ITA,G,N,FI,P,26
2007,Ukraine,UKR,Luxembourg,LUX,G,N,FI,P,5
2007,Ukraine,UKR,"Netherlands (Kingdom of the)",NLD,G,N,FI,P,16
2007,Ukraine,UKR,Norway,NOR,G,A,AR,P,5
2007,Ukraine,UKR,Norway,NOR,G,N,FI,P,6
2007,Ukraine,UKR,Poland,POL,G,A,AR,P,38
2007,Ukraine,UKR,Poland,POL,G,N,FI,P,55
2007,Ukraine,UKR,Romania,ROU,G,N,FA,P,5
2007,Ukraine,UKR,"Russian Federation",RUS,G,N,FI,P,20
2007,Ukraine,UKR,Spain,ESP,G,N,FA,P,5
2007,Ukraine,UKR,Slovakia,SVK,G,N,FI,P,36
2007,Ukraine,UKR,Sweden,SWE,G,N,FI,P,68
2007,Ukraine,UKR,Switzerland,CHE,G,N,FI,P,22
2007,Ukraine,UKR,"United States of America",USA,G,A,EO,P,63
2007,Ukraine,UKR,"United States of America",USA,G,N,IN,C,169
2008,Ukraine,UKR,Australia,AUS,G,A,AR,C,5
2008,Ukraine,UKR,Austria,AUT,G,NR,FA,P,139
2008,Ukraine,UKR,Belgium,BEL,G,N,FI,P,61
2008,Ukraine,UKR,Belarus,BLR,G,N,FI,P,10
2008,Ukraine,UKR,Canada,CAN,G,N,FI,P,187
2008,Ukraine,UKR,Cyprus,CYP,G,A,AR,P,22
2008,Ukraine,UKR,Cyprus,CYP,G,N,FI,P,16
2008,Ukraine,UKR,Czechia,CZE,G,N,AR,P,172
2008,Ukraine,UKR,Czechia,CZE,G,N,FI,P,323
2008,Ukraine,UKR,Denmark,DNK,G,N,FI,P,7
2008,Ukraine,UKR,Finland,FIN,G,N,FI,P,10
2008,Ukraine,UKR,France,FRA,G,N,FI,P,68
2008,Ukraine,UKR,France,FRA,G,R,RA,P,9
2008,Ukraine,UKR,"United Kingdom of Great Britain and Northern Ireland",GBR,G,N,FI,P,41
2008,Ukraine,UKR,Germany,DEU,G,N,NA,P,37
2008,Ukraine,UKR,Germany,DEU,G,R,RA,P,12
2008,Ukraine,UKR,Greece,GRC,G,N,FI,P,53
2008,Ukraine,UKR,Hungary,HUN,G,N,FI,P,5
2008,Ukraine,UKR,Ireland,IRL,G,A,AR,P,25
2008,Ukraine,UKR,Ireland,IRL,G,N,FI,P,20
2008,Ukraine,UKR,Italy,ITA,G,N,FI,P,14
2008,Ukraine,UKR,Lithuania,LTU,G,N,FI,P,5
2008,Ukraine,UKR,Luxembourg,LUX,G,N,FI,P,5
2008,Ukraine,UKR,"Netherlands (Kingdom of the)",NLD,G,N,FI,P,13
2008,Ukraine,UKR,Norway,NOR,G,N,AR,P,15
2008,Ukraine,UKR,Norway,NOR,G,N,FI,P,18
2008,Ukraine,UKR,Poland,POL,G,A,AR,P,14
2008,Ukraine,UKR,Poland,POL,G,N,FI,P,25
2008,Ukraine,UKR,"Russian Federation",RUS,G,N,FI,P,19
2008,Ukraine,UKR,Spain,ESP,G,N,FI,P,5
2008,Ukraine,UKR,Slovakia,SVK,G,N,FI,P,32
2008,Ukraine,UKR,Sweden,SWE,G,N,AR,P,30
2008,Ukraine,UKR,Sweden,SWE,G,N,FI,P,60
2008,Ukraine,UKR,Switzerland,CHE,G,N,FI,P,29
2008,Ukraine,UKR,"United States of America",USA,G,N,EO,P,44
2008,Ukraine,UKR,"United States of America",USA,G,N,IN,C,138
2009,Ukraine,UKR,Australia,AUS,G,A,AR,C,5
2009,Ukraine,UKR,Australia,AUS,G,N,FI,P,5
2009,Ukraine,UKR,Austria,AUT,G,NR,FA,P,120
2009,Ukraine,UKR,Belgium,BEL,G,N,FI,P,33
2009,Ukraine,UKR,Belarus,BLR,G,N,FI,P,9
2009,Ukraine,UKR,Bulgaria,BGR,G,R,FI,P,8
2009,Ukraine,UKR,Canada,CAN,G,N,FI,P,162
2009,Ukraine,UKR,Cyprus,CYP,G,A,AR,P,49
2009,Ukraine,UKR,Cyprus,CYP,G,N,FI,P,25
2009,Ukraine,UKR,Czechia,CZE,G,A,AR,P,102
2009,Ukraine,UKR,Czechia,CZE,G,N,FI,P,220
2009,Ukraine,UKR,Denmark,DNK,G,N,FI,P,9
2009,Ukraine,UKR,Finland,FIN,G,N,FI,P,7
2009,Ukraine,UKR,France,FRA,G,N,FI,P,66
2009,Ukraine,UKR,France,FRA,G,N,RA,P,7
2009,Ukraine,UKR,"United Kingdom of Great Britain and Northern Ireland",GBR,G,N,FI,P,62
2009,Ukraine,UKR,Germany,DEU,G,N,NA,P,66
2009,Ukraine,UKR,Germany,DEU,G,R,RA,P,19
2009,Ukraine,UKR,Greece,GRC,G,N,FI,P,51
2009,Ukraine,UKR,Croatia,HRV,G,N,AR,P,5
2009,Ukraine,UKR,Croatia,HRV,G,N,FI,P,5
2009,Ukraine,UKR,Hungary,HUN,G,N,FA,P,9
2009,Ukraine,UKR,Ireland,IRL,G,A,AR,P,20
2009,Ukraine,UKR,Ireland,IRL,G,N,FI,P,17
2009,Ukraine,UKR,Italy,ITA,G,N,FI,P,18
2009,Ukraine,UKR,Liechtenstein,LIE,G,N,FI,P,5
2009,Ukraine,UKR,"Netherlands (Kingdom of the)",NLD,G,N,FI,P,18
2009,Ukraine,UKR,Norway,NOR,G,N,AR,P,18
2009,Ukraine,UKR,Norway,NOR,G,N,FI,P,27
2009,Ukraine,UKR,Poland,POL,G,R,FI,P,36
2009,Ukraine,UKR,Portugal,PRT,G,N,FI,P,5
2009,Ukraine,UKR,Romania,ROU,G,NA,FA,P,7
2009,Ukraine,UKR,"Russian Federation",RUS,G,N,FI,P,10
2009,Ukraine,UKR,Spain,ESP,G,N,FI,P,8
2009,Ukraine,UKR,Slovakia,SVK,G,N,FI,P,13
2009,Ukraine,UKR,Sweden,SWE,G,A,AR,P,47
2009,Ukraine,UKR,Sweden,SWE,G,N,FI,P,139
2009,Ukraine,UKR,Switzerland,CHE,G,N,FI,P,29
2009,Ukraine,UKR,"United States of America",USA,G,N,EO,P,76
2009,Ukraine,UKR,"United States of America",USA,G,N,IN,C,187
2010,Ukraine,UKR,Argentina,ARG,G,N,FI,P,5
2010,Ukraine,UKR,Australia,AUS,G,A,AR,C,5
2010,Ukraine,UKR,Australia,AUS,G,N,FI,P,18
2010,Ukraine,UKR,Austria,AUT,G,NR,FA,P,82
2010,Ukraine,UKR,Belgium,BEL,G,N,FI,P,53
2010,Ukraine,UKR,Belgium,BEL,G,N,RA,P,18
2010,Ukraine,UKR,Belarus,BLR,G,N,FI,P,5
2010,Ukraine,UKR,Bulgaria,BGR,G,N,FI,C,5
2010,Ukraine,UKR,Canada,CAN,G,N,FI,P,122
2010,Ukraine,UKR,Cyprus,CYP,G,N,AR,P,42
2010,Ukraine,UKR,Cyprus,CYP,G,N,FI,P,13
2010,Ukraine,UKR,Czechia,CZE,G,N,AR,P,78
2010,Ukraine,UKR,Czechia,CZE,G,N,FI,P,141
2010,Ukraine,UKR,Denmark,DNK,G,N,FI,P,6
2010,Ukraine,UKR,Finland,FIN,G,N,FI,P,10
2010,Ukraine,UKR,France,FRA,G,N,FI,P,84
2010,Ukraine,UKR,France,FRA,G,R,RA,P,7
2010,Ukraine,UKR,"United Kingdom of Great Britain and Northern Ireland",GBR,G,N,FI,P,53
2010,Ukraine,UKR,Georgia,GEO,G,NR,FA,P,5
2010,Ukraine,UKR,Germany,DEU,G,N,NA,P,62
2010,Ukraine,UKR,Germany,DEU,G,N,RA,P,9
2010,Ukraine,UKR,Greece,GRC,G,A,AR,P,5
2010,Ukraine,UKR,Greece,GRC,G,N,FI,P,48
2010,Ukraine,UKR,Hungary,HUN,G,N,FI,P,9
2010,Ukraine,UKR,Ireland,IRL,G,R,AR,P,11
2010,Ukraine,UKR,Ireland,IRL,G,N,FI,P,5
2010,Ukraine,UKR,Ireland,IRL,G,A,SP,P,10
2010,Ukraine,UKR,Italy,ITA,G,N,FI,P,21
2010,Ukraine,UKR,Luxembourg,LUX,G,N,FI,P,6
2010,Ukraine,UKR,"Rep. of Moldova",MDA,G,NR,FA,P,14
2010,Ukraine,UKR,"Netherlands (Kingdom of the)",NLD,G,N,FI,P,24
2010,Ukraine,UKR,"Netherlands (Kingdom of the)",NLD,G,R,RA,P,6
2010,Ukraine,UKR,Norway,NOR,G,N,AR,P,23
2010,Ukraine,UKR,Norway,NOR,G,N,FI,P,9
2010,Ukraine,UKR,Poland,POL,G,N,FI,P,45
2010,Ukraine,UKR,Romania,ROU,G,NR,FA,P,9
2010,Ukraine,UKR,"Russian Federation",RUS,G,N,FI,P,17
2010,Ukraine,UKR,"Russian Federation",RUS,G,N,TA,P,6
2010,Ukraine,UKR,Spain,ESP,G,N,FI,P,5
2010,Ukraine,UKR,Slovakia,SVK,G,N,FI,P,20
2010,Ukraine,UKR,Sweden,SWE,G,N,FI,P,118
2010,Ukraine,UKR,Sweden,SWE,G,N,JR,P,82
2010,Ukraine,UKR,Switzerland,CHE,G,N,FI,P,14
2010,Ukraine,UKR,Switzerland,CHE,G,R,RA,P,5
2010,Ukraine,UKR,"United States of America",USA,G,A,EO,P,69
2010,Ukraine,UKR,"United States of America",USA,G,N,IN,C,195
2011,Ukraine,UKR,Argentina,ARG,G,N,FI,P,6
2011,Ukraine,UKR,Australia,AUS,G,N,AR,C,10
2011,Ukraine,UKR,Australia,AUS,G,N,FI,P,9
2011,Ukraine,UKR,Austria,AUT,G,NR,FA,P,63
2011,Ukraine,UKR,Belgium,BEL,G,N,FI,P,62
2011,Ukraine,UKR,Belgium,BEL,G,R,RA,P,12
2011,Ukraine,UKR,Canada,CAN,G,N,FI,P,130
2011,Ukraine,UKR,Cyprus,CYP,G,A,AR,P,6
2011,Ukraine,UKR,Cyprus,CYP,G,N,FI,P,9
2011,Ukraine,UKR,Czechia,CZE,G,N,FI,P,152
2011,Ukraine,UKR,Denmark,DNK,G,N,FI,P,19
2011,Ukraine,UKR,Finland,FIN,G,N,FI,P,9
2011,Ukraine,UKR,France,FRA,G,N,FI,P,91
2011,Ukraine,UKR,France,FRA,G,N,RA,P,10
2011,Ukraine,UKR,"United Kingdom of Great Britain and Northern Ireland",GBR,G,A,AR,C,13
2011,Ukraine,UKR,"United Kingdom of Great Britain and Northern Ireland",GBR,G,N,FI,P,48
2011,Ukraine,UKR,Germany,DEU,G,N,NA,P,44
2011,Ukraine,UKR,Germany,DEU,G,R,RA,P,10
2011,Ukraine,UKR,Greece,GRC,G,N,FI,P,31
2011,Ukraine,UKR,Croatia,HRV,G,N,FI,P,6
2011,Ukraine,UKR,Hungary,HUN,G,R,FI,P,5
2011,Ukraine,UKR,Ireland,IRL,G,A,AR,P,5
2011,Ukraine,UKR,Ireland,IRL,G,N,FI,P,9
2011,Ukraine,UKR,Ireland,IRL,G,SP,SP,P,5
2011,Ukraine,UKR,Italy,ITA,G,N,FI,P,18
2011,Ukraine,UKR,Latvia,LVA,G,N,FI,P,5
2011,Ukraine,UKR,"Netherlands (Kingdom of the)",NLD,G,N,FI,P,38
2011,Ukraine,UKR,"Netherlands (Kingdom of the)",NLD,G,R,RA,P,12
2011,Ukraine,UKR,Norway,NOR,G,N,AR,P,10
2011,Ukraine,UKR,Norway,NOR,G,N,FI,P,16
2011,Ukraine,UKR,Poland,POL,G,N,FI,P,43
2011,Ukraine,UKR,Poland,POL,G,R,RA,P,24
2011,Ukraine,UKR,Portugal,PRT,G,N,FI,P,6
2011,Ukraine,UKR,Romania,ROU,G,R,FA,P,6
2011,Ukraine,UKR,"Russian Federation",RUS,G,N,FI,P,11
2011,Ukraine,UKR,"Russian Federation",RUS,G,R,TA,P,5
2011,Ukraine,UKR,Spain,ESP,G,N,FI,P,12
2011,Ukraine,UKR,Slovakia,SVK,G,N,FI,C,8
2011,Ukraine,UKR,Slovenia,SVN,G,R,FI,P,7
2011,Ukraine,UKR,Sweden,SWE,G,N,AR,P,121
2011,Ukraine,UKR,Sweden,SWE,G,N,FI,P,194
2011,Ukraine,UKR,Switzerland,CHE,G,N,FI,P,23
2011,Ukraine,UKR,"United States of America",USA,G,A,EO,P,84
2011,Ukraine,UKR,"United States of America",USA,G,N,IN,C,234
2012,Ukraine,UKR,Argentina,ARG,G,N,FI,P,6
2012,Ukraine,UKR,Australia,AUS,G,A,AR,C,15
2012,Ukraine,UKR,Australia,AUS,G,N,FI,P,16
2012,Ukraine,UKR,Austria,AUT,G,NA,FA,P,79
2012,Ukraine,UKR,Belgium,BEL,G,N,FI,P,73
2012,Ukraine,UKR,Belgium,BEL,G,R,RA,P,16
2012,Ukraine,UKR,Belarus,BLR,G,N,FI,P,5
2012,Ukraine,UKR,Bulgaria,BGR,G,NR,FA,P,5
2012,Ukraine,UKR,Bulgaria,BGR,G,R,RA,P,5
2012,Ukraine,UKR,Canada,CAN,G,N,FI,P,178
2012,Ukraine,UKR,Cyprus,CYP,G,A,AR,P,5
2012,Ukraine,UKR,Cyprus,CYP,G,N,FI,P,5
2012,Ukraine,UKR,Czechia,CZE,G,N,FI,P,174
2012,Ukraine,UKR,Denmark,DNK,G,N,FI,P,15
2012,Ukraine,UKR,Finland,FIN,G,N,FI,P,16
2012,Ukraine,UKR,France,FRA,G,A,AR,P,65
2012,Ukraine,UKR,France,FRA,G,N,FI,P,129
2012,Ukraine,UKR,France,FRA,G,R,RA,P,16
2012,Ukraine,UKR,"United Kingdom of Great Britain and Northern Ireland",GBR,G,A,AR,C,13
2012,Ukraine,UKR,"United Kingdom of Great Britain and Northern Ireland",GBR,G,N,FI,P,57
2012,Ukraine,UKR,Germany,DEU,G,N,NA,P,124
2012,Ukraine,UKR,Germany,DEU,G,R,RA,P,11
2012,Ukraine,UKR,Greece,GRC,G,N,FI,P,43
2012,Ukraine,UKR,Croatia,HRV,G,N,FI,P,5
2012,Ukraine,UKR,Hungary,HUN,G,R,FI,P,5
2012,Ukraine,UKR,Ireland,IRL,G,A,AR,P,11
2012,Ukraine,UKR,Ireland,IRL,G,N,FI,P,14
2012,Ukraine,UKR,Italy,ITA,G,N,FI,P,37
2012,Ukraine,UKR,Liechtenstein,LIE,G,N,FI,P,9
2012,Ukraine,UKR,Lithuania,LTU,G,N,FI,P,5
2012,Ukraine,UKR,Luxembourg,LUX,G,N,FI,P,5
2012,Ukraine,UKR,"Netherlands (Kingdom of the)",NLD,G,N,FI,P,25
2012,Ukraine,UKR,"Netherlands (Kingdom of the)",NLD,G,R,RA,P,7
2012,Ukraine,UKR,Norway,NOR,G,N,AR,P,26
2012,Ukraine,UKR,Norway,NOR,G,N,FI,P,31
2012,Ukraine,UKR,Poland,POL,G,A,AR,P,17
2012,Ukraine,UKR,Poland,POL,G,N,FI,P,58
2012,Ukraine,UKR,Poland,POL,G,R,RA,P,14
2012,Ukraine,UKR,Portugal,PRT,G,N,FI,P,5
2012,Ukraine,UKR,"Russian Federation",RUS,G,N,FI,P,11
2012,Ukraine,UKR,Spain,ESP,G,N,FI,P,21
2012,Ukraine,UKR,Slovakia,SVK,G,N,FI,P,7
2012,Ukraine,UKR,Slovenia,SVN,G,N,FI,P,5
2012,Ukraine,UKR,Sweden,SWE,G,N,FI,P,133
2012,Ukraine,UKR,Switzerland,CHE,G,A,AR,P,16
2012,Ukraine,UKR,Switzerland,CHE,G,N,FI,P,26
2012,Ukraine,UKR,"United States of America",USA,G,N,IN,C,274
2013,Ukraine,UKR,Argentina,ARG,G,N,FI,P,5
2013,Ukraine,UKR,Australia,AUS,G,A,AR,C,5
2013,Ukraine,UKR,Australia,AUS,G,N,FI,P,11
2013,Ukraine,UKR,Austria,AUT,G,NR,FA,P,64
2013,Ukraine,UKR,Belgium,BEL,G,N,FI,P,36
2013,Ukraine,UKR,Belgium,BEL,G,R,RA,P,29
2013,Ukraine,UKR,Belarus,BLR,G,N,FI,P,5
2013,Ukraine,UKR,Canada,CAN,G,N,FI,P,67
2013,Ukraine,UKR,Czechia,CZE,G,N,FI,P,68
2013,Ukraine,UKR,Czechia,CZE,G,R,RA,P,78
2013,Ukraine,UKR,Denmark,DNK,G,A,AR,P,21
2013,Ukraine,UKR,Denmark,DNK,G,N,FI,P,38
2013,Ukraine,UKR,Finland,FIN,G,N,FI,P,5
2013,Ukraine,UKR,France,FRA,G,A,AR,P,66
2013,Ukraine,UKR,France,FRA,G,N,FI,P,122
2013,Ukraine,UKR,France,FRA,G,R,RA,P,15
2013,Ukraine,UKR,"United Kingdom of Great Britain and Northern Ireland",GBR,G,A,AR,C,5
2013,Ukraine,UKR,"United Kingdom of Great Britain and Northern Ireland",GBR,G,N,FI,P,74
2013,Ukraine,UKR,Germany,DEU,G,N,NA,P,141
2013,Ukraine,UKR,Germany,DEU,G,R,RA,P,11
2013,Ukraine,UKR,Greece,GRC,G,A,AR,P,18
2013,Ukraine,UKR,Greece,GRC,G,N,FI,P,22
2013,Ukraine,UKR,Hungary,HUN,G,N,FI,P,7
2013,Ukraine,UKR,Ireland,IRL,G,A,AR,P,5
2013,Ukraine,UKR,Ireland,IRL,G,N,FI,P,9
2013,Ukraine,UKR,Ireland,IRL,G,N,SP,P,6
2013,Ukraine,UKR,Israel,ISR,G,N,FA,P,5
2013,Ukraine,UKR,Italy,ITA,G,N,FI,P,34
2013,Ukraine,UKR,Lithuania,LTU,G,N,FI,P,5
2013,Ukraine,UKR,"Netherlands (Kingdom of the)",NLD,G,N,FI,P,36
2013,Ukraine,UKR,"Netherlands (Kingdom of the)",NLD,G,N,RA,P,5
2013,Ukraine,UKR,Norway,NOR,G,A,AR,P,28
2013,Ukraine,UKR,Norway,NOR,G,N,FI,P,24
2013,Ukraine,UKR,Poland,POL,G,N,FI,P,32
2013,Ukraine,UKR,Poland,POL,G,R,RA,P,9
2013,Ukraine,UKR,Romania,ROU,G,N,FI,P,11
2013,Ukraine,UKR,"South Africa",ZAF,G,N,FI,P,5
2013,Ukraine,UKR,"Russian Federation",RUS,G,N,FI,P,13
2013,Ukraine,UKR,"Russian Federation",RUS,G,N,TA,P,6
2013,Ukraine,UKR,Spain,ESP,G,N,FI,P,14
2013,Ukraine,UKR,Slovakia,SVK,G,N,FI,P,5
2013,Ukraine,UKR,Slovakia,SVK,G,R,RA,P,9
2013,Ukraine,UKR,Sweden,SWE,G,A,AR,P,60
2013,Ukraine,UKR,Sweden,SWE,G,N,FI,P,173
2013,Ukraine,UKR,Switzerland,CHE,G,A,AR,P,19
2013,Ukraine,UKR,Switzerland,CHE,G,N,FI,P,30
2013,Ukraine,UKR,Switzerland,CHE,G,R,RA,P,11
2013,Ukraine,UKR,"United States of America",USA,G,N,EO,P,47
2013,Ukraine,UKR,"United States of America",USA,G,N,IN,C,359
2014,Ukraine,UKR,Argentina,ARG,G,N,FI,P,86
2014,Ukraine,UKR,Armenia,ARM,G,N,FI,P,116
2014,Ukraine,UKR,Australia,AUS,G,A,AR,C,8
2014,Ukraine,UKR,Australia,AUS,G,N,FI,P,56
2014,Ukraine,UKR,Austria,AUT,G,N,FA,P,455
2014,Ukraine,UKR,Azerbaijan,AZE,G,N,FI,P,69
2014,Ukraine,UKR,Azerbaijan,AZE,U,N,FI,P,12
2014,Ukraine,UKR,Belgium,BEL,G,N,FI,P,481
2014,Ukraine,UKR,Belgium,BEL,G,A,JR,C,51
2014,Ukraine,UKR,Belgium,BEL,G,R,RA,P,84
2014,Ukraine,UKR,Belarus,BLR,G,N,FI,P,663
2014,Ukraine,UKR,Brazil,BRA,G,N,FI,P,18
2014,Ukraine,UKR,Bulgaria,BGR,G,N,FI,P,41
2014,Ukraine,UKR,Canada,CAN,G,N,FI,P,360
2014,Ukraine,UKR,Chile,CHL,G,N,FI,P,5
2014,Ukraine,UKR,"Costa Rica",CRI,G,N,FI,P,8
2014,Ukraine,UKR,Cyprus,CYP,G,N,FI,P,93
2014,Ukraine,UKR,Czechia,CZE,G,N,FI,P,417
2014,Ukraine,UKR,Czechia,CZE,G,R,RA,P,98
2014,Ukraine,UKR,Denmark,DNK,G,A,AR,P,9
2014,Ukraine,UKR,Denmark,DNK,G,N,FI,P,132
2014,Ukraine,UKR,Estonia,EST,G,N,FI,P,55
2014,Ukraine,UKR,Fiji,FJI,J,N,FI,P,6
2014,Ukraine,UKR,Finland,FIN,G,N,FI,P,302
2014,Ukraine,UKR,France,FRA,G,A,AR,P,101
2014,Ukraine,UKR,France,FRA,G,N,FI,P,1396
2014,Ukraine,UKR,France,FRA,G,A,RA,P,10
2014,Ukraine,UKR,France,FRA,G,R,RA,P,28
2014,Ukraine,UKR,"United Kingdom of Great Britain and Northern Ireland",GBR,G,A,AR,C,34
2014,Ukraine,UKR,"United Kingdom of Great Britain and Northern Ireland",GBR,G,N,FI,P,275
2014,Ukraine,UKR,"United Kingdom of Great Britain and Northern Ireland",GBR,G,R,RA,P,5
2014,Ukraine,UKR,Georgia,GEO,G,N,FI,P,419
2014,Ukraine,UKR,Germany,DEU,G,N,NA,P,2657
2014,Ukraine,UKR,Germany,DEU,G,R,RA,P,46
2014,Ukraine,UKR,Greece,GRC,G,A,AR,P,42
2014,Ukraine,UKR,Greece,GRC,G,N,FI,P,111
2014,Ukraine,UKR,Croatia,HRV,G,N,FI,P,11
2014,Ukraine,UKR,Hungary,HUN,G,N,FI,P,35
2014,Ukraine,UKR,Iceland,ISL,G,N,FI,P,15
2014,Ukraine,UKR,India,IND,U,N,FI,P,10
2014,Ukraine,UKR,Ireland,IRL,G,A,AR,P,18
2014,Ukraine,UKR,Ireland,IRL,G,N,FI,P,49
2014,Ukraine,UKR,Ireland,IRL,G,N,SP,P,5
2014,Ukraine,UKR,Italy,ITA,G,N,FI,P,2075
2014,Ukraine,UKR,Italy,ITA,G,R,RA,P,7
2014,Ukraine,UKR,Kazakhstan,KAZ,G,A,AR,P,21
2014,Ukraine,UKR,Kazakhstan,KAZ,G,N,FI,P,92
2014,Ukraine,UKR,Kyrgyzstan,KGZ,G,N,FI,P,18
2014,Ukraine,UKR,"Rep. of Korea",KOR,G,N,FA,P,8
2014,Ukraine,UKR,Lebanon,LBN,U,N,FI,P,5
2014,Ukraine,UKR,Liechtenstein,LIE,G,N,FI,P,5
2014,Ukraine,UKR,Lithuania,LTU,G,N,FI,P,67
2014,Ukraine,UKR,Luxembourg,LUX,G,N,FI,P,23
2014,Ukraine,UKR,Latvia,LVA,G,N,FI,P,75
2014,Ukraine,UKR,"Rep. of Moldova",MDA,G,N,FI,P,134
2014,Ukraine,UKR,Mexico,MEX,G,N,FI,P,9
2014,Ukraine,UKR,Malta,MLT,G,N,FI,P,38
2014,Ukraine,UKR,"Netherlands (Kingdom of the)",NLD,G,N,FI,P,249
2014,Ukraine,UKR,"Netherlands (Kingdom of the)",NLD,G,R,RA,P,18
2014,Ukraine,UKR,Norway,NOR,G,A,AR,P,81
2014,Ukraine,UKR,Norway,NOR,G,N,FI,P,131
2014,Ukraine,UKR,"New Zealand",NZL,G,N,FI,P,7
2014,Ukraine,UKR,Peru,PER,G,N,FI,P,5
2014,Ukraine,UKR,Poland,POL,G,A,AR,P,243
2014,Ukraine,UKR,Poland,POL,G,N,FI,P,2109
2014,Ukraine,UKR,Poland,POL,G,R,RA,P,159
2014,Ukraine,UKR,Portugal,PRT,G,N,FI,P,157
2014,Ukraine,UKR,Romania,ROU,G,N,FI,P,34
2014,Ukraine,UKR,"South Africa",ZAF,G,N,FI,P,8
2014,Ukraine,UKR,"Russian Federation",RUS,G,N,FI,P,5789
2014,Ukraine,UKR,"Russian Federation",RUS,G,N,TA,P,265448
2014,Ukraine,UKR,Spain,ESP,G,N,FI,P,946
2014,Ukraine,UKR,"Serbia and Kosovo: S/RES/1244 (1999)",SRB,G,N,FI,P,7
2014,Ukraine,UKR,Slovakia,SVK,G,N,FI,P,18
2014,Ukraine,UKR,Slovakia,SVK,G,R,RA,P,6
2014,Ukraine,UKR,Slovenia,SVN,G,N,FI,P,16
2014,Ukraine,UKR,Sweden,SWE,G,A,AR,P,200
2014,Ukraine,UKR,Sweden,SWE,G,N,FI,P,1278
2014,Ukraine,UKR,Sweden,SWE,G,R,RA,P,41
2014,Ukraine,UKR,Switzerland,CHE,G,N,FI,P,199
2014,Ukraine,UKR,Switzerland,CHE,G,R,RA,P,9
2014,Ukraine,UKR,"United States of America",USA,G,N,EO,P,69
2014,Ukraine,UKR,"United States of America",USA,G,N,IN,C,1217
2015,Ukraine,UKR,Albania,ALB,G,N,FI,P,5
2015,Ukraine,UKR,Argentina,ARG,G,N,FI,P,106
2015,Ukraine,UKR,Armenia,ARM,G,N,FI,P,93
2015,Ukraine,UKR,Australia,AUS,G,A,AR,C,17
2015,Ukraine,UKR,Australia,AUS,G,N,FI,P,28
2015,Ukraine,UKR,Austria,AUT,G,N,FA,P,481
2015,Ukraine,UKR,Austria,AUT,G,R,RA,P,27
2015,Ukraine,UKR,Azerbaijan,AZE,G,N,FI,P,33
2015,Ukraine,UKR,Azerbaijan,AZE,U,N,FI,P,10
2015,Ukraine,UKR,Belgium,BEL,G,N,FI,P,369
2015,Ukraine,UKR,Belgium,BEL,G,A,JR,C,163
2015,Ukraine,UKR,Belgium,BEL,G,R,RA,P,65
2015,Ukraine,UKR,Belarus,BLR,G,N,FI,P,978
2015,Ukraine,UKR,Belarus,BLR,G,A,JR,P,11
2015,Ukraine,UKR,Brazil,BRA,G,N,FI,P,31
2015,Ukraine,UKR,Bulgaria,BGR,G,N,FI,P,63
2015,Ukraine,UKR,Canada,CAN,G,A,AR,P,97
2015,Ukraine,UKR,Canada,CAN,G,N,FI,P,389
2015,Ukraine,UKR,"Costa Rica",CRI,G,N,FI,P,6
2015,Ukraine,UKR,Cyprus,CYP,G,N,FI,P,70
2015,Ukraine,UKR,Czechia,CZE,G,N,FI,P,568
2015,Ukraine,UKR,Czechia,CZE,G,R,RA,P,126
2015,Ukraine,UKR,Denmark,DNK,G,A,AR,P,50
2015,Ukraine,UKR,Denmark,DNK,G,N,FI,P,97
2015,Ukraine,UKR,"Dominican Rep.",DOM,G,N,FI,P,5
2015,Ukraine,UKR,Estonia,EST,G,N,FI,P,90
2015,Ukraine,UKR,Finland,FIN,G,N,FI,P,67
2015,Ukraine,UKR,Finland,FIN,G,R,RA,P,7
2015,Ukraine,UKR,France,FRA,G,A,AR,P,659
2015,Ukraine,UKR,France,FRA,G,N,FI,P,1623
2015,Ukraine,UKR,France,FRA,G,A,RA,P,24
2015,Ukraine,UKR,France,FRA,G,R,RA,P,28
2015,Ukraine,UKR,"United Kingdom of Great Britain and Northern Ireland",GBR,G,A,AR,C,58
2015,Ukraine,UKR,"United Kingdom of Great Britain and Northern Ireland",GBR,G,N,FI,P,252
2015,Ukraine,UKR,"United Kingdom of Great Britain and Northern Ireland",GBR,G,R,RA,P,5
2015,Ukraine,UKR,Georgia,GEO,G,N,FI,P,404
2015,Ukraine,UKR,Georgia,GEO,G,J,JR,P,5
2015,Ukraine,UKR,Germany,DEU,G,N,NA,P,4569
2015,Ukraine,UKR,Germany,DEU,G,R,RA,P,89
2015,Ukraine,UKR,Greece,GRC,G,A,AR,P,120
2015,Ukraine,UKR,Greece,GRC,G,N,FI,P,220
2015,Ukraine,UKR,Greece,GRC,G,R,RA,P,7
2015,Ukraine,UKR,Croatia,HRV,G,N,FI,P,9
2015,Ukraine,UKR,Croatia,HRV,G,J,JR,P,6
2015,Ukraine,UKR,Hungary,HUN,G,N,FA,P,27
2015,Ukraine,UKR,Iceland,ISL,G,N,FI,P,8
2015,Ukraine,UKR,India,IND,U,N,FI,P,11
2015,Ukraine,UKR,Ireland,IRL,G,A,AR,P,33
2015,Ukraine,UKR,Ireland,IRL,G,N,FI,P,47
2015,Ukraine,UKR,Ireland,IRL,G,A,SP,P,8
2015,Ukraine,UKR,Ireland,IRL,G,N,SP,P,5
2015,Ukraine,UKR,Israel,ISR,G,N,FA,P,703
2015,Ukraine,UKR,Italy,ITA,G,N,FI,P,4681
2015,Ukraine,UKR,Jordan,JOR,U,N,FI,P,22
2015,Ukraine,UKR,Japan,JPN,G,N,FI,P,20
2015,Ukraine,UKR,Kazakhstan,KAZ,G,A,AR,P,9
2015,Ukraine,UKR,Kazakhstan,KAZ,G,N,FI,P,16
2015,Ukraine,UKR,Kyrgyzstan,KGZ,G,N,FI,P,19
2015,Ukraine,UKR,"Rep. of Korea",KOR,G,N,FA,P,18
2015,Ukraine,UKR,Kuwait,KWT,U,N,FI,P,5
2015,Ukraine,UKR,Liechtenstein,LIE,G,N,FI,P,17
2015,Ukraine,UKR,"Sri Lanka",LKA,U,N,FI,P,5
2015,Ukraine,UKR,Lithuania,LTU,G,N,FI,P,65
2015,Ukraine,UKR,Luxembourg,LUX,G,A,AR,P,5
2015,Ukraine,UKR,Luxembourg,LUX,G,N,FI,P,29
2015,Ukraine,UKR,Latvia,LVA,G,N,FI,P,47
2015,Ukraine,UKR,Mauritania,MRT,U,N,FA,P,5
2015,Ukraine,UKR,"Rep. of Moldova",MDA,G,N,FI,P,123
2015,Ukraine,UKR,"Rep. of Moldova",MDA,G,J,JR,P,22
2015,Ukraine,UKR,Mexico,MEX,G,N,FI,P,7
2015,Ukraine,UKR,Montenegro,MNE,G,N,FA,P,13
2015,Ukraine,UKR,Malta,MLT,G,N,FI,P,71
2015,Ukraine,UKR,"Netherlands (Kingdom of the)",NLD,G,N,FI,P,716
2015,Ukraine,UKR,"Netherlands (Kingdom of the)",NLD,G,R,RA,P,39
2015,Ukraine,UKR,Norway,NOR,G,A,AR,P,70
2015,Ukraine,UKR,Norway,NOR,G,N,FI,P,90
2015,Ukraine,UKR,Peru,PER,G,N,FI,P,7
2015,Ukraine,UKR,Poland,POL,G,N,FI,P,1591
2015,Ukraine,UKR,Poland,POL,G,R,RA,P,704
2015,Ukraine,UKR,Portugal,PRT,G,N,FI,P,366
2015,Ukraine,UKR,Romania,ROU,G,N,FI,P,37
2015,Ukraine,UKR,Romania,ROU,G,R,RA,P,5
2015,Ukraine,UKR,"South Africa",ZAF,G,N,FI,P,7
2015,Ukraine,UKR,"Russian Federation",RUS,G,N,FI,P,293
2015,Ukraine,UKR,"Russian Federation",RUS,G,N,TA,P,148849
2015,Ukraine,UKR,Spain,ESP,G,N,FI,P,3420
2015,Ukraine,UKR,"Serbia and Kosovo: S/RES/1244 (1999)",SRB,G,N,FI,P,11
2015,Ukraine,UKR,Slovakia,SVK,G,N,FI,P,14
2015,Ukraine,UKR,Slovakia,SVK,G,R,RA,P,11
2015,Ukraine,UKR,Slovenia,SVN,G,N,FI,P,14
2015,Ukraine,UKR,Sweden,SWE,G,A,AR,P,478
2015,Ukraine,UKR,Sweden,SWE,G,N,FI,P,1320
2015,Ukraine,UKR,Sweden,SWE,G,R,RA,P,84
2015,Ukraine,UKR,Switzerland,CHE,G,N,FI,P,236
2015,Ukraine,UKR,Switzerland,CHE,G,R,FI,P,7
2015,Ukraine,UKR,"United States of America",USA,G,N,EO,P,90
2015,Ukraine,UKR,"United States of America",USA,G,N,IN,C,2111
2016,Ukraine,UKR,Argentina,ARG,G,N,FI,P,67
2016,Ukraine,UKR,Armenia,ARM,G,N,FI,P,8
2016,Ukraine,UKR,Australia,AUS,G,A,AR,P,19
2016,Ukraine,UKR,Australia,AUS,G,N,FI,P,30
2016,Ukraine,UKR,Austria,AUT,G,N,FA,P,339
2016,Ukraine,UKR,Belgium,BEL,G,N,FI,P,126
2016,Ukraine,UKR,Belgium,BEL,G,A,JR,C,77
2016,Ukraine,UKR,Belgium,BEL,G,R,RA,P,60
2016,Ukraine,UKR,Belarus,BLR,G,N,FI,P,631
2016,Ukraine,UKR,Belarus,BLR,G,A,JR,P,5
2016,Ukraine,UKR,Brazil,BRA,G,N,FI,P,9
2016,Ukraine,UKR,Bulgaria,BGR,G,N,FI,P,18
2016,Ukraine,UKR,Bulgaria,BGR,G,R,RA,P,6
2016,Ukraine,UKR,Canada,CAN,G,N,FI,P,275
2016,Ukraine,UKR,Cyprus,CYP,G,N,FI,P,25
2016,Ukraine,UKR,Czechia,CZE,G,N,FI,P,357
2016,Ukraine,UKR,Czechia,CZE,G,R,RA,P,150
2016,Ukraine,UKR,Denmark,DNK,G,A,AR,P,51
2016,Ukraine,UKR,Denmark,DNK,G,N,FI,P,96
2016,Ukraine,UKR,Estonia,EST,G,N,FI,P,7
2016,Ukraine,UKR,Finland,FIN,G,N,FI,P,56
2016,Ukraine,UKR,Finland,FIN,G,R,RA,P,9
2016,Ukraine,UKR,France,FRA,G,A,AR,P,634
2016,Ukraine,UKR,France,FRA,G,N,FI,P,534
2016,Ukraine,UKR,France,FRA,G,A,RA,P,79
2016,Ukraine,UKR,France,FRA,G,R,RA,P,124
2016,Ukraine,UKR,"United Kingdom of Great Britain and Northern Ireland",GBR,G,A,AR,C,49
2016,Ukraine,UKR,"United Kingdom of Great Britain and Northern Ireland",GBR,G,N,FI,P,127
2016,Ukraine,UKR,"United Kingdom of Great Britain and Northern Ireland",GBR,G,R,RA,P,9
2016,Ukraine,UKR,Georgia,GEO,G,N,FI,P,54
2016,Ukraine,UKR,Germany,DEU,G,N,NA,P,2389
2016,Ukraine,UKR,Germany,DEU,G,R,RA,P,104
2016,Ukraine,UKR,Greece,GRC,G,A,AR,P,68
2016,Ukraine,UKR,Greece,GRC,G,N,FI,P,114
2016,Ukraine,UKR,Greece,GRC,G,R,RA,P,8
2016,Ukraine,UKR,Croatia,HRV,G,N,FI,P,5
2016,Ukraine,UKR,Croatia,HRV,G,J,JR,P,7
2016,Ukraine,UKR,Hungary,HUN,G,N,FI,P,20
2016,Ukraine,UKR,Hungary,HUN,G,R,RA,P,5
2016,Ukraine,UKR,Iceland,ISL,G,N,FI,P,11
2016,Ukraine,UKR,India,IND,U,A,AR,P,5
2016,Ukraine,UKR,India,IND,U,N,FI,P,6
2016,Ukraine,UKR,Ireland,IRL,G,A,AR,P,28
2016,Ukraine,UKR,Ireland,IRL,G,N,FI,P,20
2016,Ukraine,UKR,Ireland,IRL,G,N,SP,P,8
2016,Ukraine,UKR,Israel,ISR,G,N,FA,P,6880
2016,Ukraine,UKR,Italy,ITA,G,N,FI,P,2571
2016,Ukraine,UKR,Jordan,JOR,U,N,FI,P,5
2016,Ukraine,UKR,Kyrgyzstan,KGZ,G,N,FI,P,5
2016,Ukraine,UKR,"Rep. of Korea",KOR,G,N,FA,P,5
2016,Ukraine,UKR,Lebanon,LBN,U,N,FI,P,5
2016,Ukraine,UKR,Liechtenstein,LIE,G,N,FI,P,12
2016,Ukraine,UKR,"Sri Lanka",LKA,U,N,FI,P,5
2016,Ukraine,UKR,Lithuania,LTU,G,N,FI,P,28
2016,Ukraine,UKR,Luxembourg,LUX,G,A,AR,P,5
2016,Ukraine,UKR,Luxembourg,LUX,G,N,FI,P,32
2016,Ukraine,UKR,Latvia,LVA,G,N,FI,P,6
2016,Ukraine,UKR,"Rep. of Moldova",MDA,G,N,FI,P,41
2016,Ukraine,UKR,"Rep. of Moldova",MDA,G,J,JR,P,6
2016,Ukraine,UKR,Montenegro,MNE,G,N,FA,P,5
2016,Ukraine,UKR,Malta,MLT,G,N,FI,P,85
2016,Ukraine,UKR,"Netherlands (Kingdom of the)",NLD,G,N,FI,P,323
2016,Ukraine,UKR,"Netherlands (Kingdom of the)",NLD,G,R,RA,P,29
2016,Ukraine,UKR,Norway,NOR,G,A,AR,P,33
2016,Ukraine,UKR,Norway,NOR,G,N,FI,P,23
2016,Ukraine,UKR,Panama,PAN,G,N,FI,P,5
2016,Ukraine,UKR,Peru,PER,G,N,FI,P,7
2016,Ukraine,UKR,Poland,POL,G,A,AR,P,605
2016,Ukraine,UKR,Poland,POL,G,N,FI,P,589
2016,Ukraine,UKR,Portugal,PRT,G,N,FI,P,141
2016,Ukraine,UKR,Romania,ROU,G,N,FI,P,10
2016,Ukraine,UKR,"Russian Federation",RUS,G,N,FI,P,271
2016,Ukraine,UKR,"Russian Federation",RUS,G,N,TA,P,23263
2016,Ukraine,UKR,Spain,ESP,G,N,FI,P,2764
2016,Ukraine,UKR,Slovakia,SVK,G,N,FI,P,15
2016,Ukraine,UKR,Slovakia,SVK,G,R,RA,P,10
2016,Ukraine,UKR,Sweden,SWE,G,A,AR,P,1179
2016,Ukraine,UKR,Sweden,SWE,G,N,FI,P,544
2016,Ukraine,UKR,Sweden,SWE,G,R,RA,P,58
2016,Ukraine,UKR,Switzerland,CHE,G,N,FI,P,85
2016,Ukraine,UKR,Switzerland,CHE,G,R,FI,P,11
2016,Ukraine,UKR,Uruguay,URY,G,N,FI,P,5
2016,Ukraine,UKR,"United States of America",USA,G,N,EO,P,123
2016,Ukraine,UKR,"United States of America",USA,G,N,IN,C,2227
2017,Ukraine,UKR,Argentina,ARG,G,A,AR,P,6
2017,Ukraine,UKR,Argentina,ARG,G,N,FI,P,22
2017,Ukraine,UKR,Armenia,ARM,G,N,FI,P,10
2017,Ukraine,UKR,Australia,AUS,G,A,AR,P,5
2017,Ukraine,UKR,Australia,AUS,G,N,FI,P,36
2017,Ukraine,UKR,Austria,AUT,G,N,FA,P,437
2017,Ukraine,UKR,Belgium,BEL,G,R,AR,P,45
2017,Ukraine,UKR,Belgium,BEL,G,N,FI,P,110
2017,Ukraine,UKR,Belarus,BLR,G,N,FI,P,626
2017,Ukraine,UKR,Belarus,BLR,G,A,JR,P,7
2017,Ukraine,UKR,Brazil,BRA,G,N,FI,P,12
2017,Ukraine,UKR,Bulgaria,BGR,G,N,FI,P,14
2017,Ukraine,UKR,Canada,CAN,G,A,AR,P,42
2017,Ukraine,UKR,Canada,CAN,G,N,FI,P,225
2017,Ukraine,UKR,Cyprus,CYP,G,A,AR,P,65
2017,Ukraine,UKR,Cyprus,CYP,G,N,FI,P,33
2017,Ukraine,UKR,Cyprus,CYP,G,R,FI,P,5
2017,Ukraine,UKR,Czechia,CZE,G,N,FI,P,297
2017,Ukraine,UKR,Czechia,CZE,G,R,RA,P,138
2017,Ukraine,UKR,Denmark,DNK,G,A,AR,P,29
2017,Ukraine,UKR,Denmark,DNK,G,N,FI,P,41
2017,Ukraine,UKR,Estonia,EST,G,N,FI,P,18
2017,Ukraine,UKR,Finland,FIN,G,N,FI,C,35
2017,Ukraine,UKR,Finland,FIN,G,R,RA,C,10
2017,Ukraine,UKR,France,FRA,G,A,AR,P,339
2017,Ukraine,UKR,France,FRA,G,N,FI,P,529
2017,Ukraine,UKR,France,FRA,G,A,RA,P,130
2017,Ukraine,UKR,France,FRA,G,R,RA,P,157
2017,Ukraine,UKR,"United Kingdom of Great Britain and Northern Ireland",GBR,G,A,AR,C,51
2017,Ukraine,UKR,"United Kingdom of Great Britain and Northern Ireland",GBR,G,N,FI,P,194
2017,Ukraine,UKR,"United Kingdom of Great Britain and Northern Ireland",GBR,G,R,RA,P,6
2017,Ukraine,UKR,Georgia,GEO,G,N,FI,P,20
2017,Ukraine,UKR,Germany,DEU,G,N,NA,P,1088
2017,Ukraine,UKR,Germany,DEU,G,R,RA,P,240
2017,Ukraine,UKR,Greece,GRC,G,A,AR,P,60
2017,Ukraine,UKR,Greece,GRC,G,N,FI,P,81
2017,Ukraine,UKR,Greece,GRC,G,R,RA,P,5
2017,Ukraine,UKR,Hungary,HUN,G,N,FI,P,7
2017,Ukraine,UKR,Iceland,ISL,G,A,AR,P,7
2017,Ukraine,UKR,Iceland,ISL,G,N,FI,P,9
2017,Ukraine,UKR,India,IND,U,A,AR,P,5
2017,Ukraine,UKR,India,IND,U,N,FI,P,5
2017,Ukraine,UKR,Ireland,IRL,G,A,AR,P,14
2017,Ukraine,UKR,Ireland,IRL,G,N,FI,P,17
2017,Ukraine,UKR,Israel,ISR,G,N,FA,P,7711
2017,Ukraine,UKR,Italy,ITA,G,N,FI,P,2656
2017,Ukraine,UKR,Kyrgyzstan,KGZ,G,N,FI,P,9
2017,Ukraine,UKR,"Rep. of Korea",KOR,G,N,FA,P,20
2017,Ukraine,UKR,Liechtenstein,LIE,G,N,FI,P,8
2017,Ukraine,UKR,Lithuania,LTU,G,N,FI,P,33
2017,Ukraine,UKR,Luxembourg,LUX,G,N,FI,P,35
2017,Ukraine,UKR,Latvia,LVA,G,N,FI,P,6
2017,Ukraine,UKR,"Rep. of Moldova",MDA,G,N,FI,P,9
2017,Ukraine,UKR,"Rep. of Moldova",MDA,G,J,JR,P,17
2017,Ukraine,UKR,Mexico,MEX,G,N,FI,P,5
2017,Ukraine,UKR,Montenegro,MNE,G,N,FA,P,5
2017,Ukraine,UKR,Malta,MLT,G,A,AR,P,31
2017,Ukraine,UKR,Malta,MLT,G,N,FI,P,35
2017,Ukraine,UKR,"Netherlands (Kingdom of the)",NLD,G,N,FI,P,139
2017,Ukraine,UKR,"Netherlands (Kingdom of the)",NLD,G,R,RA,P,39
2017,Ukraine,UKR,Norway,NOR,G,A,AR,P,25
2017,Ukraine,UKR,Norway,NOR,G,N,FI,P,31
2017,Ukraine,UKR,Norway,NOR,G,R,RA,P,5
2017,Ukraine,UKR,"New Zealand",NZL,G,N,FI,P,5
2017,Ukraine,UKR,Poland,POL,G,A,AR,P,513
2017,Ukraine,UKR,Poland,POL,G,N,FI,P,259
2017,Ukraine,UKR,Portugal,PRT,G,N,FI,P,125
2017,Ukraine,UKR,Romania,ROU,G,N,FI,P,11
2017,Ukraine,UKR,"Russian Federation",RUS,G,N,FI,P,130
2017,Ukraine,UKR,"Russian Federation",RUS,G,N,TA,P,11914
2017,Ukraine,UKR,Spain,ESP,G,N,FI,P,2312
2017,Ukraine,UKR,"Serbia and Kosovo: S/RES/1244 (1999)",SRB,G,N,FI,P,5
2017,Ukraine,UKR,Slovakia,SVK,G,N,FA,P,9
2017,Ukraine,UKR,Sweden,SWE,G,A,AR,P,513
2017,Ukraine,UKR,Sweden,SWE,G,N,FI,P,461
2017,Ukraine,UKR,Sweden,SWE,G,R,RA,P,37
2017,Ukraine,UKR,Switzerland,CHE,G,N,FI,P,64
2017,Ukraine,UKR,Switzerland,CHE,G,R,RA,P,12
2017,Ukraine,UKR,"Syrian Arab Rep.",SYR,U,A,JR,P,5
2017,Ukraine,UKR,"United States of America",USA,G,N,EO,P,227
2017,Ukraine,UKR,"United States of America",USA,G,N,IN,C,1757
2018,Ukraine,UKR,Argentina,ARG,G,N,FI,P,19
2018,Ukraine,UKR,Armenia,ARM,G,N,FI,P,11
2018,Ukraine,UKR,Australia,AUS,G,N,FI,P,7
2018,Ukraine,UKR,Austria,AUT,G,N,FA,P,261
2018,Ukraine,UKR,Belgium,BEL,G,N,FI,P,90
2018,Ukraine,UKR,Belgium,BEL,G,R,RA,P,40
2018,Ukraine,UKR,Belarus,BLR,G,N,FI,P,761
2018,Ukraine,UKR,Belarus,BLR,G,A,JR,P,5
2018,Ukraine,UKR,Brazil,BRA,G,N,FI,P,7
2018,Ukraine,UKR,Bulgaria,BGR,G,N,FA,P,9
2018,Ukraine,UKR,Canada,CAN,G,A,AR,P,28
2018,Ukraine,UKR,Canada,CAN,G,N,FI,P,178
2018,Ukraine,UKR,Cyprus,CYP,G,A,AR,P,5
2018,Ukraine,UKR,Cyprus,CYP,G,N,FI,P,27
2018,Ukraine,UKR,Cyprus,CYP,G,R,FI,P,8
2018,Ukraine,UKR,Czechia,CZE,G,N,FI,P,279
2018,Ukraine,UKR,Czechia,CZE,G,R,RA,P,139
2018,Ukraine,UKR,Denmark,DNK,G,A,AR,P,19
2018,Ukraine,UKR,Denmark,DNK,G,N,FI,P,47
2018,Ukraine,UKR,Estonia,EST,G,N,FI,P,16
2018,Ukraine,UKR,Finland,FIN,G,N,FI,P,39
2018,Ukraine,UKR,Finland,FIN,G,R,RA,P,6
2018,Ukraine,UKR,France,FRA,G,A,AR,P,281
2018,Ukraine,UKR,France,FRA,G,N,FI,P,738
2018,Ukraine,UKR,France,FRA,G,A,RA,P,66
2018,Ukraine,UKR,France,FRA,G,R,RA,P,76
2018,Ukraine,UKR,"United Kingdom of Great Britain and Northern Ireland",GBR,G,A,AR,C,68
2018,Ukraine,UKR,"United Kingdom of Great Britain and Northern Ireland",GBR,G,N,FI,P,279
2018,Ukraine,UKR,"United Kingdom of Great Britain and Northern Ireland",GBR,G,R,RA,P,7
2018,Ukraine,UKR,Georgia,GEO,G,N,FI,P,17
2018,Ukraine,UKR,Germany,DEU,G,J,JR,P,1315
2018,Ukraine,UKR,Germany,DEU,G,N,NA,P,1061
2018,Ukraine,UKR,Germany,DEU,G,R,RA,P,350
2018,Ukraine,UKR,Greece,GRC,G,A,AR,P,39
2018,Ukraine,UKR,Greece,GRC,G,N,FI,P,87
2018,Ukraine,UKR,Greece,GRC,G,R,FI,P,8
2018,Ukraine,UKR,Croatia,HRV,G,N,FI,P,5
2018,Ukraine,UKR,Iceland,ISL,G,A,AR,P,15
2018,Ukraine,UKR,Iceland,ISL,G,N,FI,P,32
2018,Ukraine,UKR,India,IND,U,N,FI,P,6
2018,Ukraine,UKR,Ireland,IRL,G,A,AR,P,29
2018,Ukraine,UKR,Ireland,IRL,G,N,FI,P,6
2018,Ukraine,UKR,Israel,ISR,G,N,FA,P,1765
2018,Ukraine,UKR,Italy,ITA,G,N,FI,P,2483
2018,Ukraine,UKR,Kyrgyzstan,KGZ,G,N,FI,P,7
2018,Ukraine,UKR,"Rep. of Korea",KOR,G,N,FA,P,60
2018,Ukraine,UKR,Liechtenstein,LIE,G,N,FI,P,10
2018,Ukraine,UKR,Lithuania,LTU,G,N,FI,P,15
2018,Ukraine,UKR,Luxembourg,LUX,G,N,FI,P,20
2018,Ukraine,UKR,Latvia,LVA,G,N,FI,P,5
2018,Ukraine,UKR,"Rep. of Moldova",MDA,G,N,FI,P,11
2018,Ukraine,UKR,"Rep. of Moldova",MDA,G,J,JR,P,5
2018,Ukraine,UKR,Mexico,MEX,G,N,FI,P,5
2018,Ukraine,UKR,Malta,MLT,G,A,AR,P,22
2018,Ukraine,UKR,Malta,MLT,G,N,FI,P,34
2018,Ukraine,UKR,"Netherlands (Kingdom of the)",NLD,G,N,FI,P,302
2018,Ukraine,UKR,"Netherlands (Kingdom of the)",NLD,G,R,RA,P,14
2018,Ukraine,UKR,Norway,NOR,G,A,AR,P,30
2018,Ukraine,UKR,Norway,NOR,G,N,FI,P,37
2018,Ukraine,UKR,Norway,NOR,G,R,RA,P,5
2018,Ukraine,UKR,"New Zealand",NZL,G,N,FI,P,5
2018,Ukraine,UKR,Peru,PER,G,N,FI,P,5
2018,Ukraine,UKR,Poland,POL,G,N,AR,P,361
2018,Ukraine,UKR,Poland,POL,G,N,FI,P,225
2018,Ukraine,UKR,Portugal,PRT,G,N,FI,P,120
2018,Ukraine,UKR,Romania,ROU,G,N,FI,P,12
2018,Ukraine,UKR,"Russian Federation",RUS,G,N,FI,P,55
2018,Ukraine,UKR,"Russian Federation",RUS,G,N,TA,P,5822
2018,Ukraine,UKR,Spain,ESP,G,N,FI,P,2063
2018,Ukraine,UKR,Slovakia,SVK,G,N,FA,P,6
2018,Ukraine,UKR,Slovakia,SVK,G,R,RA,P,5
2018,Ukraine,UKR,Sweden,SWE,G,N,FI,P,503
2018,Ukraine,UKR,Sweden,SWE,G,A,JR,P,386
2018,Ukraine,UKR,Sweden,SWE,G,R,RA,P,39
2018,Ukraine,UKR,Switzerland,CHE,G,N,FI,P,49
2018,Ukraine,UKR,Switzerland,CHE,G,R,RA,P,12
2018,Ukraine,UKR,"United States of America",USA,G,A,AR,P,668
2018,Ukraine,UKR,"United States of America",USA,G,N,EO,P,197
2018,Ukraine,UKR,"United States of America",USA,G,N,IN,C,727
2019,Ukraine,UKR,Argentina,ARG,G,A,AR,P,5
2019,Ukraine,UKR,Argentina,ARG,G,N,FI,P,9
2019,Ukraine,UKR,Australia,AUS,G,N,FI,P,48
2019,Ukraine,UKR,Austria,AUT,G,N,FA,P,221
2019,Ukraine,UKR,Belgium,BEL,G,N,FI,P,59
2019,Ukraine,UKR,Belgium,BEL,G,R,RA,P,17
2019,Ukraine,UKR,Belarus,BLR,G,N,FI,P,567
2019,Ukraine,UKR,Brazil,BRA,G,N,FI,P,17
2019,Ukraine,UKR,Bulgaria,BGR,G,NR,FA,P,6
2019,Ukraine,UKR,Canada,CAN,G,A,AR,P,36
2019,Ukraine,UKR,Canada,CAN,G,N,FI,P,106
2019,Ukraine,UKR,Cyprus,CYP,G,N,FI,P,24
2019,Ukraine,UKR,Cyprus,CYP,G,R,FI,P,8
2019,Ukraine,UKR,Czechia,CZE,G,N,FI,P,215
2019,Ukraine,UKR,Czechia,CZE,G,R,RA,P,96
2019,Ukraine,UKR,Denmark,DNK,G,A,AR,P,9
2019,Ukraine,UKR,Denmark,DNK,G,N,FI,P,34
2019,Ukraine,UKR,Estonia,EST,G,N,FI,P,7
2019,Ukraine,UKR,Finland,FIN,G,N,FI,C,19
2019,Ukraine,UKR,Finland,FIN,G,R,RA,C,5
2019,Ukraine,UKR,France,FRA,G,A,AR,P,283
2019,Ukraine,UKR,France,FRA,G,N,FI,P,1064
2019,Ukraine,UKR,France,FRA,G,A,RA,P,44
2019,Ukraine,UKR,France,FRA,G,R,RA,P,69
2019,Ukraine,UKR,"United Kingdom of Great Britain and Northern Ireland",GBR,G,A,AR,C,71
2019,Ukraine,UKR,"United Kingdom of Great Britain and Northern Ireland",GBR,G,N,FI,P,194
2019,Ukraine,UKR,Georgia,GEO,G,N,FI,P,6
2019,Ukraine,UKR,Germany,DEU,G,N,NA,P,1180
2019,Ukraine,UKR,Germany,DEU,G,R,RA,P,308
2019,Ukraine,UKR,Greece,GRC,G,N,FI,P,110
2019,Ukraine,UKR,Greece,GRC,G,R,RA,P,10
2019,Ukraine,UKR,Iceland,ISL,G,A,AR,P,23
2019,Ukraine,UKR,Iceland,ISL,G,N,FI,P,10
2019,Ukraine,UKR,Ireland,IRL,G,A,AR,P,11
2019,Ukraine,UKR,Ireland,IRL,G,N,FI,P,8
2019,Ukraine,UKR,Israel,ISR,G,N,FA,P,633
2019,Ukraine,UKR,Italy,ITA,G,N,FI,P,1769
2019,Ukraine,UKR,"Rep. of Korea",KOR,G,N,FA,P,29
2019,Ukraine,UKR,Liechtenstein,LIE,G,N,FI,P,5
2019,Ukraine,UKR,Lithuania,LTU,G,N,FI,P,13
2019,Ukraine,UKR,Luxembourg,LUX,G,N,FI,P,25
2019,Ukraine,UKR,Latvia,LVA,G,N,FI,P,12
2019,Ukraine,UKR,"Rep. of Moldova",MDA,G,N,FI,P,5
2019,Ukraine,UKR,"Rep. of Moldova",MDA,G,J,JR,P,5
2019,Ukraine,UKR,Mexico,MEX,G,N,FI,P,5
2019,Ukraine,UKR,Malta,MLT,G,A,AR,P,5
2019,Ukraine,UKR,Malta,MLT,G,N,FI,P,34
2019,Ukraine,UKR,"Netherlands (Kingdom of the)",NLD,G,N,FI,P,132
2019,Ukraine,UKR,"Netherlands (Kingdom of the)",NLD,G,R,RA,P,28
2019,Ukraine,UKR,Norway,NOR,G,A,AR,P,22
2019,Ukraine,UKR,Norway,NOR,G,N,FI,P,26
2019,Ukraine,UKR,Poland,POL,G,A,AR,P,251
2019,Ukraine,UKR,Poland,POL,G,N,FI,P,189
2019,Ukraine,UKR,Portugal,PRT,G,N,FI,P,80
2019,Ukraine,UKR,Romania,ROU,G,N,FI,P,18
2019,Ukraine,UKR,"Russian Federation",RUS,G,N,FI,P,45
2019,Ukraine,UKR,"Russian Federation",RUS,G,N,TA,P,6011
2019,Ukraine,UKR,Spain,ESP,G,N,FI,P,2383
2019,Ukraine,UKR,Slovakia,SVK,G,N,FI,P,11
2019,Ukraine,UKR,Slovakia,SVK,G,R,FI,P,5
2019,Ukraine,UKR,Sweden,SWE,G,A,AR,P,555
2019,Ukraine,UKR,Sweden,SWE,G,N,FI,P,831
2019,Ukraine,UKR,Sweden,SWE,G,R,RA,P,36
2019,Ukraine,UKR,Switzerland,CHE,G,N,FI,P,44
2019,Ukraine,UKR,Switzerland,CHE,G,R,RA,P,10
2019,Ukraine,UKR,Uruguay,URY,G,N,FI,P,5
2019,Ukraine,UKR,"United States of America",USA,G,A,AR,P,593
2019,Ukraine,UKR,"United States of America",USA,G,N,EO,P,250
2019,Ukraine,UKR,"United States of America",USA,G,N,IN,C,469
2020,Ukraine,UKR,Australia,AUS,G,A,AR,P,21
2020,Ukraine,UKR,Austria,AUT,G,N,FA,P,95
2020,Ukraine,UKR,Belgium,BEL,G,N,FI,P,71
2020,Ukraine,UKR,Belgium,BEL,G,R,RA,P,15
2020,Ukraine,UKR,Belarus,BLR,G,N,FI,P,441
2020,Ukraine,UKR,Belarus,BLR,G,A,JR,P,5
2020,Ukraine,UKR,Brazil,BRA,G,N,FI,P,5
2020,Ukraine,UKR,Bulgaria,BGR,G,NR,FA,P,5
2020,Ukraine,UKR,Canada,CAN,G,R,AR,P,5
2020,Ukraine,UKR,Canada,CAN,G,N,FI,P,6
2020,Ukraine,UKR,Cyprus,CYP,G,N,FI,P,18
2020,Ukraine,UKR,Czechia,CZE,G,N,FI,P,242
2020,Ukraine,UKR,Czechia,CZE,G,R,RA,P,109
2020,Ukraine,UKR,Denmark,DNK,G,A,AR,P,10
2020,Ukraine,UKR,Denmark,DNK,G,N,FI,P,19
2020,Ukraine,UKR,Finland,FIN,G,N,FI,P,18
2020,Ukraine,UKR,Finland,FIN,G,R,RA,P,27
2020,Ukraine,UKR,France,FRA,G,A,AR,P,160
2020,Ukraine,UKR,France,FRA,G,N,FI,P,1906
2020,Ukraine,UKR,France,FRA,G,A,RA,P,26
2020,Ukraine,UKR,France,FRA,G,R,RA,P,59
2020,Ukraine,UKR,"United Kingdom of Great Britain and Northern Ireland",GBR,G,A,AR,C,44
2020,Ukraine,UKR,"United Kingdom of Great Britain and Northern Ireland",GBR,G,N,FI,P,113
2020,Ukraine,UKR,Georgia,GEO,G,N,FI,P,12
2020,Ukraine,UKR,Germany,DEU,G,N,NA,P,462
2020,Ukraine,UKR,Germany,DEU,G,R,RA,P,191
2020,Ukraine,UKR,Greece,GRC,G,A,AR,P,33
2020,Ukraine,UKR,Greece,GRC,G,N,FI,P,34
2020,Ukraine,UKR,Iceland,ISL,G,A,AR,P,6
2020,Ukraine,UKR,Iceland,ISL,G,N,FI,P,5
2020,Ukraine,UKR,Israel,ISR,G,N,FA,P,217
2020,Ukraine,UKR,Italy,ITA,G,A,FI,P,26
2020,Ukraine,UKR,Italy,ITA,G,N,FI,P,378
2020,Ukraine,UKR,"Rep. of Korea",KOR,G,N,FA,P,12
2020,Ukraine,UKR,Liechtenstein,LIE,G,N,FI,P,5
2020,Ukraine,UKR,Luxembourg,LUX,G,A,FI,P,9
2020,Ukraine,UKR,Luxembourg,LUX,G,N,FI,P,6
2020,Ukraine,UKR,"Rep. of Moldova",MDA,G,N,FI,P,5
2020,Ukraine,UKR,"Rep. of Moldova",MDA,G,A,JR,P,5
2020,Ukraine,UKR,Malta,MLT,G,N,FI,P,24
2020,Ukraine,UKR,"Netherlands (Kingdom of the)",NLD,G,N,FI,P,42
2020,Ukraine,UKR,"Netherlands (Kingdom of the)",NLD,G,R,RA,P,9
2020,Ukraine,UKR,Norway,NOR,G,A,AR,P,17
2020,Ukraine,UKR,Norway,NOR,G,N,FI,P,9
2020,Ukraine,UKR,Poland,POL,G,A,AR,P,296
2020,Ukraine,UKR,Poland,POL,G,N,FI,P,98
2020,Ukraine,UKR,Portugal,PRT,G,N,FI,P,12
2020,Ukraine,UKR,"Russian Federation",RUS,G,N,FI,P,25
2020,Ukraine,UKR,"Russian Federation",RUS,G,N,TA,P,4701
2020,Ukraine,UKR,Spain,ESP,G,N,FI,P,1120
2020,Ukraine,UKR,Slovenia,SVN,G,N,FI,P,5
2020,Ukraine,UKR,Sweden,SWE,G,A,AR,P,450
2020,Ukraine,UKR,Sweden,SWE,G,N,FI,P,513
2020,Ukraine,UKR,Sweden,SWE,G,R,RA,P,46
2020,Ukraine,UKR,Switzerland,CHE,G,N,FI,P,26
2020,Ukraine,UKR,Switzerland,CHE,G,R,RA,P,5
2020,Ukraine,UKR,"United States of America",USA,G,A,AR,P,372
2020,Ukraine,UKR,"United States of America",USA,G,N,EO,P,122
2020,Ukraine,UKR,"United States of America",USA,G,N,IN,C,386
2021,Ukraine,UKR,Armenia,ARM,G,N,FI,P,5
2021,Ukraine,UKR,Australia,AUS,G,A,AR,P,5
2021,Ukraine,UKR,Austria,AUT,G,N,FA,P,91
2021,Ukraine,UKR,Belgium,BEL,G,N,FI,P,85
2021,Ukraine,UKR,Belgium,BEL,G,R,RA,P,35
2021,Ukraine,UKR,Belarus,BLR,G,N,FI,P,201
2021,Ukraine,UKR,Belarus,BLR,G,A,JR,P,5
2021,Ukraine,UKR,Brazil,BRA,G,N,FI,P,5
2021,Ukraine,UKR,Bulgaria,BGR,G,NR,FA,P,12
2021,Ukraine,UKR,Canada,CAN,G,A,AR,P,13
2021,Ukraine,UKR,Canada,CAN,G,R,AR,P,5
2021,Ukraine,UKR,Canada,CAN,G,N,FI,P,30
2021,Ukraine,UKR,"Costa Rica",CRI,G,N,FI,P,5
2021,Ukraine,UKR,Cyprus,CYP,G,N,FA,P,7
2021,Ukraine,UKR,Cyprus,CYP,G,A,JR,P,5
2021,Ukraine,UKR,Czechia,CZE,G,N,FI,P,264
2021,Ukraine,UKR,Czechia,CZE,G,R,RA,P,113
2021,Ukraine,UKR,Denmark,DNK,G,A,AR,P,7
2021,Ukraine,UKR,Denmark,DNK,G,N,FI,P,12
2021,Ukraine,UKR,Estonia,EST,G,N,FI,P,5
2021,Ukraine,UKR,Finland,FIN,G,N,FI,P,9
2021,Ukraine,UKR,Finland,FIN,G,R,RA,P,7
2021,Ukraine,UKR,France,FRA,G,A,AR,P,277
2021,Ukraine,UKR,France,FRA,G,N,FI,P,2039
2021,Ukraine,UKR,France,FRA,G,A,RA,P,37
2021,Ukraine,UKR,France,FRA,G,R,RA,P,88
2021,Ukraine,UKR,"United Kingdom of Great Britain and Northern Ireland",GBR,G,A,AR,C,26
2021,Ukraine,UKR,"United Kingdom of Great Britain and Northern Ireland",GBR,G,N,FI,P,96
2021,Ukraine,UKR,Georgia,GEO,G,N,FI,P,5
2021,Ukraine,UKR,Germany,DEU,G,N,FI,P,550
2021,Ukraine,UKR,Germany,DEU,G,J,JR,P,521
2021,Ukraine,UKR,Germany,DEU,G,R,RA,P,261
2021,Ukraine,UKR,Greece,GRC,G,A,AR,P,32
2021,Ukraine,UKR,Greece,GRC,G,N,FI,P,91
2021,Ukraine,UKR,Greece,GRC,G,R,RA,P,7
2021,Ukraine,UKR,Ireland,IRL,G,N,FI,P,5
2021,Ukraine,UKR,Israel,ISR,G,N,FA,P,117
2021,Ukraine,UKR,Italy,ITA,G,A,FI,P,74
2021,Ukraine,UKR,Italy,ITA,G,N,FI,P,528
2021,Ukraine,UKR,"Rep. of Korea",KOR,G,N,FA,P,7
2021,Ukraine,UKR,Liechtenstein,LIE,G,N,FI,P,10
2021,Ukraine,UKR,Latvia,LVA,G,N,FI,P,7
2021,Ukraine,UKR,"Rep. of Moldova",MDA,G,N,FI,P,5
2021,Ukraine,UKR,"Rep. of Moldova",MDA,G,A,JR,P,5
2021,Ukraine,UKR,Montenegro,MNE,G,N,FA,P,5
2021,Ukraine,UKR,Malta,MLT,G,A,AR,P,27
2021,Ukraine,UKR,Malta,MLT,G,N,FI,P,15
2021,Ukraine,UKR,"Netherlands (Kingdom of the)",NLD,G,N,FI,P,71
2021,Ukraine,UKR,"Netherlands (Kingdom of the)",NLD,G,R,RA,P,11
2021,Ukraine,UKR,Norway,NOR,G,A,AR,P,12
2021,Ukraine,UKR,Norway,NOR,G,N,FI,P,5
2021,Ukraine,UKR,Poland,POL,G,R,AR,P,151
2021,Ukraine,UKR,Poland,POL,G,A,FI,P,197
2021,Ukraine,UKR,Poland,POL,G,N,FI,P,110
2021,Ukraine,UKR,Portugal,PRT,G,N,FI,P,11
2021,Ukraine,UKR,"Russian Federation",RUS,G,N,FI,P,12
2021,Ukraine,UKR,"Russian Federation",RUS,G,N,TA,P,3600
2021,Ukraine,UKR,Spain,ESP,G,N,FI,P,1037
2021,Ukraine,UKR,Sweden,SWE,G,A,AR,P,456
2021,Ukraine,UKR,Sweden,SWE,G,N,FI,P,441
2021,Ukraine,UKR,Sweden,SWE,G,R,RA,P,82
2021,Ukraine,UKR,Switzerland,CHE,G,N,FI,P,42
2021,Ukraine,UKR,Switzerland,CHE,G,R,RA,P,13
2021,Ukraine,UKR,"United States of America",USA,G,A,AR,P,275
2021,Ukraine,UKR,"United States of America",USA,G,N,EO,P,191
2021,Ukraine,UKR,"United States of America",USA,G,N,IN,P,461
2022,Ukraine,UKR,Albania,ALB,G,N,FI,P,5
2022,Ukraine,UKR,Argentina,ARG,G,N,FI,P,11
2022,Ukraine,UKR,Armenia,ARM,G,N,FI,P,485
2022,Ukraine,UKR,Australia,AUS,G,N,FI,P,419
2022,Ukraine,UKR,Austria,AUT,G,N,FA,P,532
2022,Ukraine,UKR,Azerbaijan,AZE,G,N,FI,P,93
2022,Ukraine,UKR,Belgium,BEL,G,N,FI,P,686
2022,Ukraine,UKR,Belgium,BEL,G,A,JR,P,5
2022,Ukraine,UKR,Belgium,BEL,G,R,RA,P,64
2022,Ukraine,UKR,Belarus,BLR,G,N,FI,P,2352
2022,Ukraine,UKR,Brazil,BRA,G,N,FI,P,22
2022,Ukraine,UKR,"Bosnia and Herzegovina",BIH,G,N,FI,P,29
2022,Ukraine,UKR,Bulgaria,BGR,G,NR,FA,P,1313
2022,Ukraine,UKR,Canada,CAN,G,A,AR,P,29
2022,Ukraine,UKR,Canada,CAN,G,N,FI,P,377
2022,Ukraine,UKR,China,CHN,U,N,FI,P,20
2022,Ukraine,UKR,Chile,CHL,G,N,FI,P,96
2022,Ukraine,UKR,Colombia,COL,G,N,FI,P,28
2022,Ukraine,UKR,"Costa Rica",CRI,G,N,FI,P,37
2022,Ukraine,UKR,Cyprus,CYP,G,N,FA,P,52
2022,Ukraine,UKR,Cyprus,CYP,G,R,FI,P,5
2022,Ukraine,UKR,Czechia,CZE,G,N,FI,P,203
2022,Ukraine,UKR,Czechia,CZE,G,R,RA,P,77
2022,Ukraine,UKR,Denmark,DNK,G,A,AR,P,5
2022,Ukraine,UKR,Denmark,DNK,G,N,FI,P,2064
2022,Ukraine,UKR,"Dominican Rep.",DOM,U,N,FI,P,14
2022,Ukraine,UKR,Estonia,EST,G,N,FI,P,2610
2022,Ukraine,UKR,Finland,FIN,G,N,FI,P,1715
2022,Ukraine,UKR,Finland,FIN,G,R,RA,P,90
2022,Ukraine,UKR,France,FRA,G,A,AR,P,121
2022,Ukraine,UKR,France,FRA,G,N,FI,P,1397
2022,Ukraine,UKR,France,FRA,G,A,RA,P,18
2022,Ukraine,UKR,France,FRA,G,R,RA,P,485
2022,Ukraine,UKR,"United Kingdom of Great Britain and Northern Ireland",GBR,G,N,FI,P,588
2022,Ukraine,UKR,"United Kingdom of Great Britain and Northern Ireland",GBR,G,R,RA,P,6
2022,Ukraine,UKR,Georgia,GEO,G,N,FI,P,516
2022,Ukraine,UKR,Germany,DEU,G,N,FI,P,705
2022,Ukraine,UKR,Germany,DEU,G,J,JR,P,187
2022,Ukraine,UKR,Germany,DEU,G,R,RA,P,442
2022,Ukraine,UKR,Ghana,GHA,G,N,FI,P,5
2022,Ukraine,UKR,Greece,GRC,G,A,AR,P,43
2022,Ukraine,UKR,Greece,GRC,G,N,FI,P,124
2022,Ukraine,UKR,Greece,GRC,G,R,RA,P,34
2022,Ukraine,UKR,Guatemala,GTM,G,N,FA,P,5
2022,Ukraine,UKR,Iceland,ISL,G,A,AR,P,10
2022,Ukraine,UKR,Iceland,ISL,G,N,FI,P,2343
2022,Ukraine,UKR,India,IND,U,A,AR,P,5
2022,Ukraine,UKR,India,IND,U,N,FI,P,53
2022,Ukraine,UKR,Ireland,IRL,G,N,FI,P,422
2022,Ukraine,UKR,Israel,ISR,G,N,FA,P,95
2022,Ukraine,UKR,Italy,ITA,G,N,FI,P,2993
2022,Ukraine,UKR,Kazakhstan,KAZ,G,N,FI,P,551
2022,Ukraine,UKR,Kyrgyzstan,KGZ,G,N,FI,P,10
2022,Ukraine,UKR,"Rep. of Korea",KOR,G,N,FI,P,19
2022,Ukraine,UKR,Lebanon,LBN,U,N,FI,P,17
2022,Ukraine,UKR,Lithuania,LTU,G,N,FI,P,9
2022,Ukraine,UKR,Luxembourg,LUX,G,N,FI,P,8
2022,Ukraine,UKR,Luxembourg,LUX,G,R,RA,P,5
2022,Ukraine,UKR,Latvia,LVA,G,N,FI,P,18
2022,Ukraine,UKR,"North Macedonia",MKD,G,N,FA,P,5
2022,Ukraine,UKR,"Rep. of Moldova",MDA,G,N,FI,P,7979
2022,Ukraine,UKR,Mexico,MEX,G,N,FI,P,160
2022,Ukraine,UKR,Montenegro,MNE,G,N,FA,P,7
2022,Ukraine,UKR,"Netherlands (Kingdom of the)",NLD,G,N,FI,P,1060
2022,Ukraine,UKR,"Netherlands (Kingdom of the)",NLD,G,R,RA,P,17
2022,Ukraine,UKR,Nigeria,NGA,G,N,FI,P,5
2022,Ukraine,UKR,Norway,NOR,G,A,AR,P,10
2022,Ukraine,UKR,Norway,NOR,G,N,FI,P,41
2022,Ukraine,UKR,"New Zealand",NZL,G,N,FI,P,18
2022,Ukraine,UKR,Panama,PAN,G,N,FI,C,15
2022,Ukraine,UKR,Paraguay,PRY,G,N,FI,P,9
2022,Ukraine,UKR,Peru,PER,G,N,FI,P,17
2022,Ukraine,UKR,Philippines,PHL,G,N,FA,P,13
2022,Ukraine,UKR,Poland,POL,G,R,AR,P,51
2022,Ukraine,UKR,Poland,POL,G,N,FI,P,1542
2022,Ukraine,UKR,Portugal,PRT,G,N,FI,P,31
2022,Ukraine,UKR,Romania,ROU,G,N,FI,P,4396
2022,Ukraine,UKR,Romania,ROU,G,R,RA,P,7
2022,Ukraine,UKR,"Russian Federation",RUS,G,N,FI,P,75
2022,Ukraine,UKR,"Russian Federation",RUS,G,N,TA,P,100758
2022,Ukraine,UKR,Spain,ESP,G,N,FI,P,228
2022,Ukraine,UKR,"Serbia and Kosovo: S/RES/1244 (1999)",SRB,G,N,FI,P,12
2022,Ukraine,UKR,Slovakia,SVK,G,N,FI,P,152
2022,Ukraine,UKR,Slovenia,SVN,G,N,FI,P,195
2022,Ukraine,UKR,Sweden,SWE,G,A,AR,P,97
2022,Ukraine,UKR,Sweden,SWE,G,N,FI,P,1824
2022,Ukraine,UKR,Sweden,SWE,G,R,RA,P,144
2022,Ukraine,UKR,Switzerland,CHE,G,N,FI,P,24
2022,Ukraine,UKR,Tunisia,TUN,U,N,FI,P,29
2022,Ukraine,UKR,Türkiye,TUR,G,N,FI,P,7131
2022,Ukraine,UKR,"United States of America",USA,G,A,AR,P,232
2022,Ukraine,UKR,"United States of America",USA,G,N,EO,P,1029
2022,Ukraine,UKR,"United States of America",USA,G,N,IN,P,2212
2023,Ukraine,UKR,Egypt,EGY,U,N,FI,P,6
2023,Ukraine,UKR,Argentina,ARG,G,N,FI,P,5
2023,Ukraine,UKR,Armenia,ARM,G,N,FI,P,206
2023,Ukraine,UKR,Australia,AUS,G,N,FI,P,593
2023,Ukraine,UKR,Austria,AUT,G,N,FA,P,125
2023,Ukraine,UKR,Azerbaijan,AZE,G,N,FI,P,72
2023,Ukraine,UKR,Belgium,BEL,G,N,FI,P,111
2023,Ukraine,UKR,Belgium,BEL,G,R,RA,P,10
2023,Ukraine,UKR,Belarus,BLR,G,N,FI,P,1083
2023,Ukraine,UKR,"Bolivia (Plurinational State of)",BOL,G,N,FI,P,5
2023,Ukraine,UKR,Brazil,BRA,G,N,FI,P,23
2023,Ukraine,UKR,"Bosnia and Herzegovina",BIH,G,N,FI,P,12
2023,Ukraine,UKR,Bulgaria,BGR,G,NR,FA,P,15
2023,Ukraine,UKR,Canada,CAN,G,N,FI,P,290
2023,Ukraine,UKR,China,CHN,U,N,FI,P,8
2023,Ukraine,UKR,Chile,CHL,G,N,FI,P,25
2023,Ukraine,UKR,Colombia,COL,G,N,FI,P,5
2023,Ukraine,UKR,"Costa Rica",CRI,G,N,FI,P,5
2023,Ukraine,UKR,Cyprus,CYP,G,N,FA,P,13
2023,Ukraine,UKR,Czechia,CZE,G,N,FI,P,109
2023,Ukraine,UKR,Czechia,CZE,G,A,JR,P,19
2023,Ukraine,UKR,Czechia,CZE,G,R,RA,P,20
2023,Ukraine,UKR,Denmark,DNK,G,N,FI,P,99
2023,Ukraine,UKR,"Dominican Rep.",DOM,U,N,FI,P,5
2023,Ukraine,UKR,Ecuador,ECU,G,N,FA,P,24
2023,Ukraine,UKR,Estonia,EST,G,N,FI,P,3776
2023,Ukraine,UKR,Finland,FIN,G,N,FI,P,8
2023,Ukraine,UKR,France,FRA,G,N,FI,P,3065
2023,Ukraine,UKR,France,FRA,G,RA,RA,P,185
2023,Ukraine,UKR,"United Kingdom of Great Britain and Northern Ireland",GBR,G,N,FI,P,136
2023,Ukraine,UKR,"United Kingdom of Great Britain and Northern Ireland",GBR,G,R,RA,P,8
2023,Ukraine,UKR,Georgia,GEO,G,N,FI,P,163
2023,Ukraine,UKR,Germany,DEU,G,N,FI,P,655
2023,Ukraine,UKR,Germany,DEU,G,A,JR,P,22
2023,Ukraine,UKR,Germany,DEU,G,R,RA,P,105
2023,Ukraine,UKR,Greece,GRC,G,A,AR,P,18
2023,Ukraine,UKR,Greece,GRC,G,N,FI,P,125
2023,Ukraine,UKR,Greece,GRC,G,R,RA,P,18
2023,Ukraine,UKR,Iceland,ISL,G,A,AR,P,15
2023,Ukraine,UKR,Iceland,ISL,G,N,FI,P,1618
2023,Ukraine,UKR,Ireland,IRL,G,A,AR,P,10
2023,Ukraine,UKR,Ireland,IRL,G,N,FI,P,215
2023,Ukraine,UKR,Italy,ITA,G,N,FI,P,1180
2023,Ukraine,UKR,Italy,ITA,G,R,FI,P,76
2023,Ukraine,UKR,Kazakhstan,KAZ,G,N,FI,P,320
2023,Ukraine,UKR,Kazakhstan,KAZ,G,A,JR,P,17
2023,Ukraine,UKR,Kyrgyzstan,KGZ,G,N,FI,P,16
2023,Ukraine,UKR,"Rep. of Korea",KOR,G,N,FI,P,25
2023,Ukraine,UKR,Libya,LBY,U,N,FI,P,5
2023,Ukraine,UKR,Lebanon,LBN,U,N,FI,P,5
2023,Ukraine,UKR,Liechtenstein,LIE,G,N,FI,P,300
2023,Ukraine,UKR,Lithuania,LTU,G,N,FI,P,5
2023,Ukraine,UKR,Luxembourg,LUX,G,N,FI,P,20
2023,Ukraine,UKR,Latvia,LVA,G,N,FI,P,9
2023,Ukraine,UKR,"Rep. of Moldova",MDA,G,N,FI,P,3708
2023,Ukraine,UKR,Mexico,MEX,G,N,FI,P,60
2023,Ukraine,UKR,Malta,MLT,G,N,FI,P,30
2023,Ukraine,UKR,"Netherlands (Kingdom of the)",NLD,G,N,FI,P,601
2023,Ukraine,UKR,Norway,NOR,G,A,AR,P,108
2023,Ukraine,UKR,Norway,NOR,G,N,FI,P,1021
2023,Ukraine,UKR,Norway,NOR,G,R,RA,P,90
2023,Ukraine,UKR,"New Zealand",NZL,G,A,AR,P,5
2023,Ukraine,UKR,"New Zealand",NZL,G,N,FI,P,14
2023,Ukraine,UKR,Peru,PER,G,N,FI,P,13
2023,Ukraine,UKR,Philippines,PHL,U,N,FI,P,31
2023,Ukraine,UKR,Poland,POL,G,R,AR,P,60
2023,Ukraine,UKR,Poland,POL,G,A,FI,P,69
2023,Ukraine,UKR,Poland,POL,G,N,FI,P,1711
2023,Ukraine,UKR,Portugal,PRT,G,N,FI,P,11
2023,Ukraine,UKR,Romania,ROU,G,N,FI,P,59
2023,Ukraine,UKR,"Russian Federation",RUS,G,N,FI,P,6
2023,Ukraine,UKR,"Russian Federation",RUS,G,N,TA,P,5581
2023,Ukraine,UKR,Spain,ESP,G,N,FI,P,86
2023,Ukraine,UKR,"Serbia and Kosovo: S/RES/1244 (1999)",SRB,G,N,FI,P,11
2023,Ukraine,UKR,Slovakia,SVK,G,N,FI,P,32
2023,Ukraine,UKR,Slovenia,SVN,G,N,FI,P,92
2023,Ukraine,UKR,Sweden,SWE,G,A,AR,P,9
2023,Ukraine,UKR,Sweden,SWE,G,N,FI,P,431
2023,Ukraine,UKR,Sweden,SWE,G,R,RA,P,86
2023,Ukraine,UKR,Switzerland,CHE,G,N,FI,P,24
2023,Ukraine,UKR,Tunisia,TUN,U,N,FI,P,5
2023,Ukraine,UKR,Türkiye,TUR,G,N,FI,P,713
2023,Ukraine,UKR,"United States of America",USA,G,A,AR,P,68
2023,Ukraine,UKR,"United States of America",USA,G,N,EO,P,517
2023,Ukraine,UKR,"United States of America",USA,G,N,IN,P,5019
2024,Ukraine,UKR,Argentina,ARG,G,N,FI,P,6
2024,Ukraine,UKR,Armenia,ARM,G,N,FI,P,71
2024,Ukraine,UKR,Australia,AUS,G,N,FI,P,506
2024,Ukraine,UKR,Austria,AUT,G,N,FA,P,46
2024,Ukraine,UKR,Azerbaijan,AZE,G,N,FI,P,80
2024,Ukraine,UKR,Belgium,BEL,G,N,FI,P,51
2024,Ukraine,UKR,Belgium,BEL,G,R,RA,P,5
2024,Ukraine,UKR,Belarus,BLR,G,N,FI,P,804
2024,Ukraine,UKR,Brazil,BRA,G,N,FI,P,9
2024,Ukraine,UKR,Canada,CAN,G,A,AR,P,10
2024,Ukraine,UKR,Canada,CAN,G,N,FI,P,254
2024,Ukraine,UKR,Colombia,COL,G,N,FI,P,5
2024,Ukraine,UKR,"Costa Rica",CRI,G,N,FI,P,11
2024,Ukraine,UKR,Czechia,CZE,G,N,FI,P,107
2024,Ukraine,UKR,Czechia,CZE,G,R,RA,P,16
2024,Ukraine,UKR,Denmark,DNK,G,A,AR,P,5
2024,Ukraine,UKR,Denmark,DNK,G,N,FI,P,41
2024,Ukraine,UKR,Ecuador,ECU,G,N,FA,P,9
2024,Ukraine,UKR,Estonia,EST,G,N,FI,P,702
2024,Ukraine,UKR,Finland,FIN,G,N,FI,P,6
2024,Ukraine,UKR,France,FRA,G,A,AR,P,61
2024,Ukraine,UKR,France,FRA,G,N,FI,P,5265
2024,Ukraine,UKR,France,FRA,G,RA,RA,P,92
2024,Ukraine,UKR,"United Kingdom of Great Britain and Northern Ireland",GBR,G,N,FI,P,260
2024,Ukraine,UKR,"United Kingdom of Great Britain and Northern Ireland",GBR,G,R,RA,P,13
2024,Ukraine,UKR,Georgia,GEO,G,N,FI,P,130
2024,Ukraine,UKR,Germany,DEU,G,N,FI,P,510
2024,Ukraine,UKR,Germany,DEU,G,A,JR,P,100
2024,Ukraine,UKR,Germany,DEU,G,R,RA,P,43
2024,Ukraine,UKR,Greece,GRC,G,A,AR,P,5
2024,Ukraine,UKR,Greece,GRC,G,N,FI,P,42
2024,Ukraine,UKR,Greece,GRC,G,R,RA,P,7
2024,Ukraine,UKR,Croatia,HRV,G,N,FI,P,5
2024,Ukraine,UKR,Iceland,ISL,G,A,AR,P,35
2024,Ukraine,UKR,Iceland,ISL,G,N,FI,P,745
2024,Ukraine,UKR,Ireland,IRL,G,A,AR,P,6
2024,Ukraine,UKR,Ireland,IRL,G,N,FI,P,95
2024,Ukraine,UKR,Italy,ITA,G,N,FI,P,813
2024,Ukraine,UKR,Italy,ITA,G,R,FI,P,54
2024,Ukraine,UKR,Kazakhstan,KAZ,G,A,AR,P,21
2024,Ukraine,UKR,Kazakhstan,KAZ,G,N,FI,P,70
2024,Ukraine,UKR,Kazakhstan,KAZ,G,A,JR,P,21
2024,Ukraine,UKR,Kyrgyzstan,KGZ,G,N,FI,P,12
2024,Ukraine,UKR,"Rep. of Korea",KOR,G,N,FI,P,10
2024,Ukraine,UKR,Lithuania,LTU,G,N,FI,P,5
2024,Ukraine,UKR,Luxembourg,LUX,G,N,FI,P,12
2024,Ukraine,UKR,Latvia,LVA,G,N,FI,P,5
2024,Ukraine,UKR,"Rep. of Moldova",MDA,G,N,FI,P,4143
2024,Ukraine,UKR,"Rep. of Moldova",MDA,G,A,JR,P,5
2024,Ukraine,UKR,Mexico,MEX,G,N,FI,P,33
2024,Ukraine,UKR,Malta,MLT,G,N,FI,P,13
2024,Ukraine,UKR,"Netherlands (Kingdom of the)",NLD,G,N,FI,P,206
2024,Ukraine,UKR,"Netherlands (Kingdom of the)",NLD,G,R,RA,P,5
2024,Ukraine,UKR,Norway,NOR,G,A,AR,P,74
2024,Ukraine,UKR,Norway,NOR,G,N,FI,P,325
2024,Ukraine,UKR,Norway,NOR,G,R,RA,P,12
2024,Ukraine,UKR,Philippines,PHL,U,N,FI,P,8
2024,Ukraine,UKR,Poland,POL,G,R,AR,P,498
2024,Ukraine,UKR,Poland,POL,G,A,FI,P,27
2024,Ukraine,UKR,Poland,POL,G,N,FI,P,2170
2024,Ukraine,UKR,Portugal,PRT,G,N,FI,P,5
2024,Ukraine,UKR,Romania,ROU,G,N,FI,P,24
2024,Ukraine,UKR,"Russian Federation",RUS,G,N,TA,P,1894
2024,Ukraine,UKR,Spain,ESP,G,N,FI,P,36
2024,Ukraine,UKR,Slovakia,SVK,G,N,FI,P,17
2024,Ukraine,UKR,Slovenia,SVN,G,N,FI,P,56
2024,Ukraine,UKR,Sweden,SWE,G,A,AR,P,30
2024,Ukraine,UKR,Sweden,SWE,G,N,FI,P,121
2024,Ukraine,UKR,Sweden,SWE,G,R,RA,P,32
2024,Ukraine,UKR,Switzerland,CHE,G,N,FI,P,8
2024,Ukraine,UKR,"United Rep. of Tanzania",TZA,G,N,FI,P,12
2024,Ukraine,UKR,Türkiye,TUR,G,N,FI,P,73
2024,Ukraine,UKR,"United States of America",USA,G,A,AR,P,33
2024,Ukraine,UKR,"United States of America",USA,G,N,EO,P,119
2024,Ukraine,UKR,"United States of America",USA,G,N,IN,P,939
