Footnote,Year,"Country of origin (ISO)","Country of asylum (ISO)","Population type"
"Refugees includes people in refugee-like situations","2020 - 2022, 2024",UKR,,REF
"IDP figure in Ukraine includes 800,000 people who are in an IDP-like situation.","2015 - 2017",UKR,UKR,IDP
"Figure of others of concern relates to persons who have specific protection needs and live in non-government-controlled areas or within 20 km of the contact line in government-controlled areas.",2019,UKR,,OOC
"Refers to people in refugee-like situations.",2022,UKR,CAN,REF
"The others of concern figure at end-2022 corresponds to the number of conflict-affected, non-displaced people assisted by UNHCR during the year.",2022,UKR,,OOC
"The figure for the Russian Federation includes 1.2 million Ukrainians who were granted refugee or temporary asylum status, as well as those recorded in the country in 2023 under other forms of stay.",2023,UKR,RUS,REF
"The number of IDP returnees is estimated using the IOM DTM data Round 13. Almost 1.1 million Ukrainians are estimated to have returned in early 2023 and an additional 2.6 million are reported in 2022.",2022,UKR,,RDP
"The number of refugee returns to Ukraine is estimated using the IOM DTM data Round 13. The report estimates that 861,000 refugees have returned for three months or more, which may (in light of the high frequency of pendular movements between Ukraine and host countries) indicate an intention for a stable return. Of these 158,000 have returned for between 3 and 6 months and are reported in 2023 statistics, while 703,000 returned more than 6 months ago and are reported in 2022. In addition, 353,000 refugees have returned to locations in Ukraine that are not their place of origin. UNHCR estimates that 39,000 of them returned in early 2023, with 314,000 having returned in 2022.",2022,UKR,,RET
"The IDP figure has been aligned to the inter-agency methodology as defined in the 2020 Humanitarian Needs Overview. Figure of others of concern relates to persons who have specific protection needs and live in non-government-controlled areas or within 20 km of the contact line in government-controlled areas.","2019 - 2020",UKR,,IDP
"IDP figure in Ukraine includes 700,000 people who are in an IDP-like situation.",2018,UKR,UKR,IDP
"The IDP figure has been aligned to the inter-agency methodology as defined in the 2022 Humanitarian Needs Overview, including an area-based improvement of the estimation of people displaced in government-controlled areas. The others of concern figure relates to persons who have specific protection needs and live in non-government-controlled areas.",2021,UKR,,IDP
